"日期","收盘","开盘","高","低","交易量","涨跌幅"
"2025-12-31","367.26","369.79","372.00","367.15","16.03M","-0.53%"
"2025-12-30","369.20","367.10","371.00","366.56","19.03M","-0.03%"
"2025-12-29","369.31","374.00","374.43","368.00","24.12M","-1.37%"
"2025-12-26","374.43","372.96","378.00","370.10","25.72M","0.38%"
"2025-12-25","373.01","374.21","374.21","369.12","20.34M","-0.69%"
"2025-12-24","375.60","378.08","378.08","372.00","21.09M","-0.66%"
"2025-12-23","378.10","372.00","380.50","371.60","23.60M","1.68%"
"2025-12-22","371.84","376.00","377.99","368.10","25.49M","-0.58%"
"2025-12-19","374.00","374.08","377.68","370.80","17.56M","0.54%"
"2025-12-18","372.00","379.57","380.95","370.01","29.64M","-2.98%"
"2025-12-17","383.42","376.45","384.50","375.06","22.26M","1.32%"
"2025-12-16","378.41","386.00","389.08","378.03","19.12M","-1.84%"
"2025-12-15","385.50","391.50","394.97","385.21","18.27M","-1.61%"
"2025-12-12","391.80","392.00","393.39","385.50","24.00M","0.72%"
"2025-12-11","388.99","384.90","398.86","383.38","28.22M","1.73%"
"2025-12-10","382.38","385.05","388.00","377.26","19.43M","-1.34%"
"2025-12-9","387.59","391.50","392.26","386.00","18.69M","-1.25%"
"2025-12-8","392.50","390.43","395.38","385.50","21.66M","0.88%"
"2025-12-5","389.09","387.20","389.31","382.00","23.29M","1.50%"
"2025-12-4","383.35","379.19","383.60","375.15","19.17M","1.93%"
"2025-12-3","376.08","380.09","383.37","375.00","13.99M","-1.05%"
"2025-12-2","380.08","383.50","384.98","377.40","16.35M","-0.75%"
"2025-12-1","382.97","374.76","382.97","374.03","26.75M","2.62%"
"2025-11-28","373.20","370.50","375.48","366.16","20.34M","0.54%"
"2025-11-27","371.20","373.00","378.88","370.00","22.20M","-0.43%"
"2025-11-26","372.82","375.50","375.50","370.07","18.91M","0.12%"
"2025-11-25","372.36","375.00","379.66","370.59","20.63M","0.49%"
"2025-11-24","370.55","373.80","374.90","367.18","22.85M","0.15%"
"2025-11-21","370.00","375.00","383.00","370.00","31.63M","-2.48%"
"2025-11-20","379.39","394.90","395.00","377.01","33.67M","-2.99%"
"2025-11-19","391.10","385.50","398.44","384.96","29.27M","1.58%"
"2025-11-18","385.00","389.00","398.63","381.00","39.57M","-1.48%"
"2025-11-17","390.78","388.00","392.40","382.50","47.69M","-3.30%"
"2025-11-14","404.12","407.00","414.60","403.88","24.17M","-2.76%"
"2025-11-13","415.60","385.05","421.30","385.05","56.27M","7.56%"
"2025-11-12","386.38","390.78","392.99","383.98","21.30M","0.20%"
"2025-11-11","385.60","386.00","394.77","384.50","19.30M","0.28%"
"2025-11-10","384.51","398.40","400.31","383.32","23.90M","-2.75%"
"2025-11-7","395.37","393.50","397.51","388.88","16.55M","0.17%"
"2025-11-6","394.68","390.00","399.49","388.70","23.45M","1.54%"
"2025-11-5","388.70","372.85","393.00","372.00","31.14M","2.57%"
"2025-11-4","378.95","383.06","386.50","374.00","23.94M","-2.04%"
"2025-11-3","386.86","387.00","391.91","375.77","26.37M","-0.49%"
"2025-10-31","388.77","398.00","406.80","388.20","34.05M","-2.39%"
"2025-10-30","398.29","405.98","409.08","396.83","34.31M","-0.43%"
"2025-10-29","400.00","386.00","400.04","384.70","34.47M","3.50%"
"2025-10-28","386.48","386.16","393.80","383.02","28.71M","0.08%"
"2025-10-27","386.18","393.00","393.00","376.57","40.45M","0.11%"
"2025-10-24","385.77","379.97","387.80","378.00","32.04M","2.48%"
"2025-10-23","376.45","373.80","378.80","369.00","24.00M","0.96%"
"2025-10-22","372.86","375.90","378.88","368.20","21.95M","-0.81%"
"2025-10-21","375.90","373.00","381.35","363.10","44.63M","2.56%"
"2025-10-20","366.50","365.00","368.89","359.53","28.43M","2.33%"
"2025-10-17","358.14","367.50","375.00","356.99","31.91M","-2.81%"
"2025-10-16","368.50","367.50","373.90","364.50","27.63M","-0.22%"
"2025-10-15","369.30","358.50","369.71","354.76","36.99M","3.16%"
"2025-10-14","358.00","381.00","385.80","355.77","49.64M","-4.41%"
"2025-10-13","374.50","362.86","384.60","362.86","47.15M","-1.95%"
"2025-10-10","381.95","401.00","403.80","379.01","53.31M","-6.82%"
"2025-10-9","409.89","399.98","424.36","399.74","41.21M","1.96%"
"2025-9-30","402.00","396.00","408.88","396.00","33.03M","1.17%"
"2025-9-29","397.37","386.34","399.89","386.01","38.96M","4.46%"
"2025-9-26","380.40","392.02","399.99","380.00","36.26M","-3.17%"
"2025-9-25","392.85","376.60","402.59","376.47","46.64M","3.40%"
"2025-9-24","379.93","371.00","380.00","366.06","38.31M","3.20%"
"2025-9-23","368.15","368.00","376.96","360.00","34.85M","-0.51%"
"2025-9-22","370.05","370.50","372.72","362.78","28.53M","0.42%"
"2025-9-19","368.49","365.00","375.71","361.72","33.91M","0.44%"
"2025-9-18","366.89","374.59","380.00","360.80","51.89M","-2.71%"
"2025-9-17","377.10","356.80","381.88","354.00","54.38M","6.70%"
"2025-9-16","353.42","356.11","359.00","348.50","37.74M","-0.36%"
"2025-9-15","354.70","346.01","371.52","344.02","71.84M","9.14%"
"2025-9-12","325.00","325.90","329.90","322.20","33.87M","0.76%"
"2025-9-11","322.55","315.55","322.98","309.04","38.03M","2.06%"
"2025-9-10","316.04","317.99","322.00","313.00","36.75M","-1.24%"
"2025-9-9","320.00","322.80","334.58","317.16","43.40M","-1.65%"
"2025-9-8","325.37","334.00","337.65","323.50","58.83M","0.08%"
"2025-9-5","325.11","299.90","325.11","299.82","70.82M","6.93%"
"2025-9-4","304.03","313.47","323.33","300.63","65.75M","-1.61%"
"2025-9-3","309.00","303.50","311.65","303.03","50.90M","2.02%"
"2025-9-2","302.87","304.03","311.10","299.03","37.12M","-0.37%"
"2025-9-1","304.00","306.50","306.90","299.30","43.00M","-0.71%"
"2025-8-29","306.18","278.31","316.66","277.95","78.01M","10.37%"
"2025-8-28","277.41","276.06","278.99","272.72","30.47M","-0.32%"
"2025-8-27","278.30","289.00","289.54","278.19","38.26M","-3.87%"
"2025-8-26","289.50","287.02","290.99","285.58","23.02M","-0.27%"
"2025-8-25","290.28","290.00","293.88","286.78","31.23M","1.08%"
"2025-8-22","287.18","278.93","289.35","278.60","26.42M","2.93%"
"2025-8-21","279.00","279.27","281.80","278.00","18.27M","-0.07%"
"2025-8-20","279.20","277.50","279.99","272.05","23.35M","0.50%"
"2025-8-19","277.80","283.00","284.00","276.22","24.43M","-1.84%"
"2025-8-18","283.00","280.67","285.48","278.02","28.53M","0.83%"
"2025-8-15","280.67","278.38","282.30","276.10","24.11M","0.28%"
"2025-8-14","279.89","276.89","282.00","274.48","37.17M","2.30%"
"2025-8-13","273.60","264.77","275.00","264.51","39.47M","3.93%"
"2025-8-12","263.25","263.50","265.18","257.72","22.24M","-0.16%"
"2025-8-11","263.66","263.48","266.15","262.50","21.33M","0.07%"
"2025-8-8","263.48","264.00","266.16","262.01","17.43M","0.16%"
"2025-8-7","263.05","265.00","266.49","262.20","16.55M","-0.74%"
"2025-8-6","265.00","265.22","266.90","263.23","15.32M","-0.26%"
"2025-8-5","265.70","267.50","269.00","263.50","21.98M","-0.29%"
"2025-8-4","266.48","263.00","268.00","261.70","23.77M","1.30%"
"2025-8-1","263.07","264.80","266.60","262.75","25.25M","-0.59%"
"2025-7-31","264.62","280.80","281.98","264.62","44.71M","-4.50%"
"2025-7-30","277.09","292.20","292.20","276.36","41.59M","-5.05%"
"2025-7-29","291.82","286.70","292.00","286.68","23.39M","1.93%"
"2025-7-28","286.30","283.02","289.09","281.30","23.90M","1.24%"
"2025-7-25","282.80","285.20","285.20","281.75","13.43M","-0.84%"
"2025-7-24","285.20","289.00","289.20","282.91","22.39M","-0.63%"
"2025-7-23","287.02","288.16","290.75","286.59","20.02M","0.13%"
"2025-7-22","286.66","280.00","290.00","279.18","33.31M","2.50%"
"2025-7-21","279.66","277.00","282.00","273.55","32.49M","3.12%"
"2025-7-18","271.20","268.70","272.45","265.80","22.19M","2.15%"
"2025-7-17","265.50","265.37","267.75","264.36","14.51M","0.42%"
"2025-7-16","264.40","268.50","268.70","263.04","15.63M","-1.25%"
"2025-7-15","267.75","268.50","272.50","266.00","16.95M","-0.28%"
"2025-7-14","268.50","271.00","271.32","266.10","14.98M","-1.10%"
"2025-7-11","271.50","271.50","274.00","270.10","21.33M","-0.18%"
"2025-7-10","272.00","274.99","274.99","268.50","24.24M","0.44%"
"2025-7-9","270.80","262.20","274.46","262.10","29.39M","2.84%"
"2025-7-8","263.31","260.70","265.90","259.82","15.59M","0.93%"
"2025-7-7","260.89","265.80","268.88","258.88","17.47M","-1.85%"
"2025-7-4","265.80","265.01","269.98","260.98","27.21M","1.22%"
"2025-7-3","262.59","251.47","263.21","250.59","33.80M","4.85%"
"2025-7-2","250.45","251.50","252.01","249.19","11.57M","-0.42%"
"2025-7-1","251.50","252.50","252.74","249.88","9.53M","-0.29%"
"2025-6-30","252.22","251.50","253.50","249.70","17.62M","0.49%"
"2025-6-27","250.99","256.50","257.45","250.11","23.62M","-0.71%"
"2025-6-26","252.79","255.88","256.29","252.36","19.91M","-0.83%"
"2025-6-25","254.90","246.50","255.88","246.00","31.54M","3.65%"
"2025-6-24","245.92","240.58","248.08","240.58","23.50M","2.63%"
"2025-6-23","239.61","239.30","240.60","238.03","12.71M","-0.27%"
"2025-6-20","240.26","241.06","243.12","239.50","13.69M","-0.76%"
"2025-6-19","242.10","245.30","246.16","241.60","14.80M","-1.41%"
"2025-6-18","245.57","246.98","249.58","245.57","10.46M","-0.28%"
"2025-6-17","246.26","246.96","248.43","245.22","9.77M","-0.16%"
"2025-6-16","246.66","248.00","248.70","245.80","12.22M","-0.62%"
"2025-6-13","248.20","248.10","250.41","246.37","17.40M","-0.64%"
"2025-6-12","249.81","252.00","252.50","248.77","17.57M","-0.28%"
"2025-6-11","250.50","246.09","252.44","244.80","27.99M","3.03%"
"2025-6-10","243.14","245.00","246.86","242.22","13.93M","-0.99%"
"2025-6-9","245.58","248.88","250.88","245.50","18.55M","-1.33%"
"2025-6-6","248.88","252.00","253.33","248.50","16.55M","-1.04%"
"2025-6-5","251.50","251.36","252.44","248.27","13.53M","0.18%"
"2025-6-4","251.05","252.50","253.60","250.70","13.04M","-0.04%"
"2025-6-3","251.15","252.00","253.90","250.44","15.84M","0.46%"
"2025-5-30","250.00","250.90","252.65","247.47","20.43M","-0.73%"
"2025-5-29","251.85","253.00","253.98","249.00","21.79M","-0.69%"
"2025-5-28","253.60","255.61","258.27","253.32","15.46M","-0.15%"
"2025-5-27","253.99","255.89","257.21","252.39","17.67M","-0.75%"
"2025-5-26","255.90","265.00","266.38","252.90","33.01M","-4.15%"
"2025-5-23","266.99","271.01","274.00","266.95","23.00M","-1.25%"
"2025-5-22","270.37","277.80","277.94","268.27","27.61M","-1.35%"
"2025-5-21","274.08","266.99","279.99","265.80","56.52M","4.21%"
"2025-5-20","263.00","264.44","265.50","255.20","34.64M","1.15%"
"2025-5-19","260.00","260.50","260.54","257.27","16.97M","0.25%"
"2025-5-16","259.36","259.14","261.73","257.73","18.90M","-0.32%"
"2025-5-15","260.18","262.62","262.87","259.60","14.11M","-0.92%"
"2025-5-14","262.60","258.77","264.46","256.01","23.15M","1.48%"
"2025-5-13","258.77","262.00","262.00","255.02","20.48M","0.69%"
"2025-5-12","257.00","255.00","257.99","253.00","30.23M","3.52%"
"2025-5-9","248.27","246.07","249.77","244.65","23.69M","1.51%"
"2025-5-8","244.57","239.49","248.68","237.98","31.29M","2.50%"
"2025-5-7","238.61","236.45","240.88","236.08","31.28M","3.01%"
"2025-5-6","231.63","233.91","236.30","231.20","19.69M","0.06%"
"2025-4-30","231.50","233.05","234.38","231.50","15.63M","-0.23%"
"2025-4-29","232.03","234.00","234.80","230.72","16.74M","-1.20%"
"2025-4-28","234.85","238.25","238.26","233.20","14.31M","-0.74%"
"2025-4-25","236.60","237.20","237.92","235.09","12.76M","-0.11%"
"2025-4-24","236.87","234.50","238.66","232.25","18.16M","1.51%"
"2025-4-23","233.35","235.00","238.75","233.00","19.20M","1.15%"
"2025-4-22","230.69","230.00","231.16","227.20","16.94M","-0.29%"
"2025-4-21","231.36","225.46","235.00","224.18","22.01M","2.62%"
"2025-4-18","225.46","225.21","226.50","223.66","11.51M","-0.24%"
"2025-4-17","226.00","223.00","227.33","222.22","15.74M","0.49%"
"2025-4-16","224.89","227.00","227.18","221.55","21.66M","-1.43%"
"2025-4-15","228.15","226.00","230.45","225.12","26.69M","1.85%"
"2025-4-14","224.00","227.15","228.00","222.68","20.70M","0.00%"
"2025-4-11","224.00","216.00","225.55","214.70","30.30M","2.76%"
"2025-4-10","217.98","221.00","222.79","215.46","37.27M","3.12%"
"2025-4-9","211.39","212.92","218.75","210.09","53.60M","-3.50%"
"2025-4-8","219.05","219.95","225.00","216.40","47.66M","1.78%"
"2025-4-7","215.22","226.09","230.00","209.11","72.36M","-11.46%"
"2025-4-3","243.08","245.00","247.70","242.55","23.28M","-2.43%"
"2025-4-2","249.14","250.20","252.46","247.56","13.73M","0.03%"
"2025-4-1","249.06","252.94","254.50","248.58","19.42M","-1.53%"
"2025-3-31","252.94","256.06","257.98","252.12","19.46M","-1.50%"
"2025-3-28","256.80","256.11","258.88","255.80","11.24M","-0.80%"
"2025-3-27","258.88","256.19","262.80","254.25","14.18M","0.76%"
"2025-3-26","256.92","259.40","262.70","256.70","12.90M","-0.99%"
"2025-3-25","259.48","257.71","260.00","255.29","12.79M","0.51%"
"2025-3-24","258.16","257.70","258.98","256.28","16.73M","0.84%"
"2025-3-21","256.00","262.68","264.53","255.67","19.43M","-2.35%"
"2025-3-20","262.15","265.39","266.50","261.02","14.42M","-1.22%"
"2025-3-19","265.39","257.20","266.97","256.78","36.95M","3.26%"
"2025-3-18","257.00","258.00","260.78","255.50","22.58M","0.39%"
"2025-3-17","256.00","263.10","265.47","255.74","33.52M","-2.29%"
"2025-3-14","262.00","253.00","264.85","252.65","35.11M","3.47%"
"2025-3-13","253.22","254.00","259.20","253.00","16.89M","-0.50%"
"2025-3-12","254.50","256.01","256.62","251.49","19.91M","-0.27%"
"2025-3-11","255.20","253.07","255.50","253.05","17.14M","-0.51%"
"2025-3-10","256.50","261.80","261.86","253.61","28.68M","-1.63%"
"2025-3-7","260.76","262.96","263.58","258.68","22.29M","-1.34%"
"2025-3-6","264.31","262.25","265.53","261.00","25.03M","1.27%"
"2025-3-5","260.99","263.00","263.89","258.50","20.87M","-0.76%"
"2025-3-4","263.00","270.00","271.00","262.73","26.84M","-3.85%"
"2025-3-3","273.53","265.00","279.30","262.24","38.74M","3.49%"
"2025-2-28","264.30","269.60","271.31","263.61","22.27M","-2.11%"
"2025-2-27","270.00","270.27","271.70","267.67","23.19M","0.51%"
"2025-2-26","268.62","271.45","272.88","267.18","21.17M","-0.32%"
"2025-2-25","269.48","267.48","274.00","264.51","23.21M","-0.74%"
"2025-2-24","271.50","273.01","274.70","268.16","27.75M","-1.47%"
"2025-2-21","275.55","268.58","276.88","267.78","30.95M","1.98%"
"2025-2-20","270.20","272.80","272.80","267.00","19.59M","-1.22%"
"2025-2-19","273.55","268.57","276.00","268.55","20.45M","1.03%"
"2025-2-18","270.77","272.96","275.50","269.00","23.85M","0.51%"
"2025-2-17","269.40","274.90","274.90","266.02","24.18M","-0.11%"
"2025-2-14","269.71","261.53","273.00","261.53","38.78M","3.18%"
"2025-2-13","261.39","255.99","263.99","255.10","37.54M","2.39%"
"2025-2-12","255.30","250.01","256.00","247.08","27.38M","1.39%"
"2025-2-11","251.80","260.44","260.50","251.06","24.79M","-2.57%"
"2025-2-10","258.45","261.28","261.47","255.18","22.93M","-1.08%"
"2025-2-7","261.28","257.00","262.56","251.62","34.44M","3.23%"
"2025-2-6","253.10","251.00","253.49","249.20","24.90M","0.39%"
"2025-2-5","252.12","260.00","262.00","251.05","24.05M","-1.90%"
"2025-1-27","257.00","260.63","262.97","257.00","17.10M","-1.39%"
"2025-1-24","260.62","256.01","264.78","256.01","22.44M","1.21%"
"2025-1-23","257.50","259.85","262.50","256.98","16.55M","-0.19%"
"2025-1-22","258.00","262.00","264.90","254.21","25.04M","-2.34%"
"2025-1-21","264.18","268.50","268.76","263.22","13.89M","-0.50%"
"2025-1-20","265.52","256.50","267.61","256.31","34.28M","5.57%"
"2025-1-17","251.50","248.50","253.50","248.08","11.11M","0.63%"
"2025-1-16","249.93","252.00","254.60","248.26","16.19M","-0.37%"
"2025-1-15","250.87","256.20","256.40","249.67","15.06M","-2.08%"
"2025-1-14","256.20","247.71","257.00","245.21","20.25M","3.76%"
"2025-1-13","246.91","243.50","250.00","242.00","18.09M","0.37%"
"2025-1-10","246.00","246.50","249.95","244.68","14.73M","-0.54%"
"2025-1-9","247.33","241.35","250.25","241.16","16.93M","0.81%"
"2025-1-8","245.34","245.99","248.31","243.32","27.19M","-1.65%"
"2025-1-7","249.45","243.00","252.00","241.08","40.10M","-2.84%"
"2025-1-6","256.75","258.00","260.00","253.00","17.29M","-0.34%"
"2025-1-3","257.63","258.78","263.00","257.21","18.52M","-0.44%"
"2025-1-2","258.78","266.25","266.30","257.00","23.35M","-2.71%"
"2024-12-31","266.00","265.09","270.50","265.09","24.93M","-0.22%"
"2024-12-30","266.58","260.88","267.50","260.51","22.63M","1.75%"
"2024-12-27","262.00","260.57","263.42","255.00","24.35M","0.29%"
"2024-12-26","261.25","267.20","267.20","261.00","22.44M","-2.51%"
"2024-12-25","267.97","268.91","270.91","266.26","11.41M","-0.10%"
"2024-12-24","268.23","263.00","268.25","263.00","19.62M","1.80%"
"2024-12-23","263.50","262.71","268.88","262.71","20.64M","0.30%"
"2024-12-20","262.71","269.79","270.80","260.32","27.74M","-2.62%"
"2024-12-19","269.79","269.26","272.35","266.62","15.35M","-0.60%"
"2024-12-18","271.41","274.31","274.73","270.31","15.09M","-0.87%"
"2024-12-17","273.80","267.00","278.00","266.54","28.21M","2.47%"
"2024-12-16","267.20","266.22","269.50","264.05","16.26M","0.06%"
"2024-12-13","267.03","269.88","272.00","266.00","28.32M","-2.44%"
"2024-12-12","273.71","265.90","275.38","265.20","22.33M","2.47%"
"2024-12-11","267.10","273.96","279.50","266.52","19.40M","-1.28%"
"2024-12-10","270.57","281.28","281.50","269.33","32.90M","0.94%"
"2024-12-9","268.05","266.99","269.66","264.41","22.46M","0.56%"
"2024-12-6","266.55","256.00","269.90","255.00","33.04M","4.12%"
"2024-12-5","256.00","257.99","258.95","255.01","16.02M","-1.15%"
"2024-12-4","258.97","260.00","262.00","257.50","16.18M","-1.10%"
"2024-12-3","261.84","261.00","262.99","259.00","17.31M","-0.13%"
"2024-12-2","262.19","258.64","263.55","257.21","20.65M","0.36%"
"2024-11-29","261.24","251.23","267.99","251.23","31.37M","2.57%"
"2024-11-28","254.70","259.20","259.53","253.50","22.36M","-2.00%"
"2024-11-27","259.90","254.70","260.90","251.47","27.40M","1.24%"
"2024-11-26","256.72","261.57","263.97","255.66","27.36M","-2.79%"
"2024-11-25","264.10","263.06","266.56","261.18","26.24M","1.93%"
"2024-11-22","259.10","267.93","269.00","258.88","22.56M","-3.41%"
"2024-11-21","268.26","265.66","271.43","263.66","20.55M","0.27%"
"2024-11-20","267.55","266.95","269.90","264.60","22.71M","-0.44%"
"2024-11-19","268.72","262.02","272.00","258.00","34.81M","2.21%"
"2024-11-18","262.92","265.56","270.95","261.00","30.65M","-0.99%"
"2024-11-15","265.56","269.50","275.00","265.56","35.20M","-3.43%"
"2024-11-14","275.00","283.00","284.99","274.66","42.66M","-2.48%"
"2024-11-13","282.00","269.00","288.20","266.77","55.77M","3.29%"
"2024-11-12","273.02","278.28","285.20","270.98","74.40M","2.06%"
"2024-11-11","267.50","252.35","268.99","251.01","49.15M","3.88%"
"2024-11-8","257.50","269.66","272.00","257.10","40.29M","-2.02%"
"2024-11-7","262.80","258.00","262.80","253.88","33.57M","2.46%"
"2024-11-6","256.50","258.99","269.50","253.50","45.24M","-1.87%"
"2024-11-5","261.39","250.58","262.82","249.13","48.48M","4.06%"
"2024-11-4","251.20","244.00","254.30","244.00","24.25M","2.03%"
"2024-11-1","246.20","246.53","249.82","245.18","25.92M","0.09%"
"2024-10-31","245.98","246.99","250.50","244.00","25.50M","-0.83%"
"2024-10-30","248.03","250.00","252.30","244.50","27.13M","-1.49%"
"2024-10-29","251.78","256.24","257.71","251.24","26.99M","-1.74%"
"2024-10-28","256.24","256.13","258.61","253.00","27.60M","-1.02%"
"2024-10-25","258.88","252.34","265.00","246.30","57.90M","5.17%"
"2024-10-24","246.16","249.77","251.50","245.00","21.47M","-1.26%"
"2024-10-23","249.30","247.81","254.94","246.86","32.15M","-0.50%"
"2024-10-22","250.55","254.00","254.56","247.26","27.88M","-1.11%"
"2024-10-21","253.36","259.00","262.53","251.75","58.46M","1.39%"
"2024-10-18","249.89","230.00","258.88","229.60","68.01M","7.94%"
"2024-10-17","231.50","234.00","238.88","230.86","26.16M","-1.00%"
"2024-10-16","233.85","238.82","238.82","233.33","33.59M","-3.06%"
"2024-10-15","241.22","249.81","250.84","241.13","32.77M","-3.40%"
"2024-10-14","249.72","249.99","252.80","244.94","46.76M","3.28%"
"2024-10-11","241.79","255.50","255.50","237.93","47.64M","-6.28%"
"2024-10-10","258.00","255.00","265.99","250.16","60.83M","1.18%"
"2024-10-9","255.00","279.90","279.99","255.00","108.69M","-14.72%"
"2024-10-8","299.00","296.00","301.50","267.66","137.65M","18.70%"
"2024-9-30","251.89","233.02","255.00","232.00","91.36M","11.06%"
"2024-9-27","226.81","212.00","231.68","211.67","70.18M","10.36%"
"2024-9-26","205.51","203.70","207.33","198.93","35.49M","1.19%"
"2024-9-25","203.10","207.39","207.40","202.59","42.01M","2.83%"
"2024-9-24","197.52","191.96","198.17","188.89","35.45M","4.95%"
"2024-9-23","188.20","186.66","189.43","185.50","15.79M","1.40%"
"2024-9-20","185.60","186.90","187.90","183.68","15.50M","-0.70%"
"2024-9-19","186.90","187.00","188.22","183.60","15.77M","0.27%"
"2024-9-18","186.40","183.60","187.43","183.29","11.38M","1.58%"
"2024-9-13","183.50","188.88","188.88","183.50","17.29M","-3.09%"
"2024-9-12","189.35","188.00","192.16","186.71","20.71M","1.50%"
"2024-9-11","186.56","182.40","187.78","181.16","21.20M","2.98%"
"2024-9-10","181.16","185.50","185.50","181.05","15.42M","-2.16%"
"2024-9-9","185.15","185.11","188.66","183.47","13.48M","-0.43%"
"2024-9-6","185.95","186.12","188.50","185.40","7.53M","-0.46%"
"2024-9-5","186.80","187.15","189.55","185.80","12.32M","-0.19%"
"2024-9-4","187.15","185.32","189.00","184.85","16.56M","0.81%"
"2024-9-3","185.65","180.30","186.70","180.02","18.20M","2.46%"
"2024-9-2","181.19","184.44","185.59","181.00","12.99M","-1.71%"
"2024-8-30","184.34","180.80","185.96","180.80","25.43M","1.96%"
"2024-8-29","180.80","179.17","182.99","179.17","15.67M","-1.10%"
"2024-8-28","182.82","182.80","183.69","181.28","10.64M","-0.37%"
"2024-8-27","183.50","182.52","184.49","181.50","9.98M","-0.23%"
"2024-8-26","183.92","181.90","184.56","181.00","14.84M","1.17%"
"2024-8-23","181.80","177.00","182.52","177.00","18.42M","1.68%"
"2024-8-22","178.80","174.98","179.97","174.30","19.90M","2.75%"
"2024-8-21","174.01","174.00","175.41","172.00","11.15M","-0.49%"
"2024-8-20","174.87","175.00","176.00","173.66","8.44M","-0.42%"
"2024-8-19","175.60","173.35","177.94","173.15","14.04M","1.14%"
"2024-8-16","173.62","173.40","176.00","172.88","11.15M","0.13%"
"2024-8-15","173.40","172.00","174.60","171.29","14.48M","0.69%"
"2024-8-14","172.21","172.99","174.45","171.72","9.97M","-0.90%"
"2024-8-13","173.78","168.89","174.96","168.38","19.39M","2.83%"
"2024-8-12","169.00","170.57","171.12","166.80","17.42M","-0.59%"
"2024-8-9","170.00","173.60","174.87","170.00","15.41M","-1.39%"
"2024-8-8","172.40","173.01","173.60","170.12","14.66M","-0.73%"
"2024-8-7","173.67","174.95","176.23","173.67","12.75M","-0.73%"
"2024-8-6","174.95","178.41","179.39","173.71","15.77M","-1.16%"
"2024-8-5","177.00","175.01","180.19","175.00","19.35M","-0.05%"
"2024-8-2","177.09","179.00","180.00","176.74","15.49M","-1.78%"
"2024-8-1","180.30","185.00","186.00","180.10","23.01M","-3.23%"
"2024-7-31","186.31","182.00","186.88","182.00","19.90M","0.77%"
"2024-7-30","184.89","183.22","185.33","183.22","12.73M","0.20%"
"2024-7-29","184.53","187.00","187.00","180.00","21.36M","-2.55%"
"2024-7-26","189.35","190.00","193.30","188.05","23.35M","0.86%"
"2024-7-25","187.73","186.12","190.73","185.06","20.60M","0.76%"
"2024-7-24","186.32","186.00","189.09","185.39","14.47M","0.06%"
"2024-7-23","186.20","189.01","189.70","186.20","11.90M","-1.75%"
"2024-7-22","189.52","191.19","194.18","187.40","17.17M","0.04%"
"2024-7-19","189.44","186.35","190.09","186.20","20.85M","0.58%"
"2024-7-18","188.35","180.00","189.10","179.68","31.99M","4.12%"
"2024-7-17","180.89","178.00","182.66","175.94","18.59M","0.89%"
"2024-7-16","179.30","177.50","180.50","177.30","15.15M","0.66%"
"2024-7-15","178.12","178.30","179.95","177.11","11.47M","-0.93%"
"2024-7-12","179.80","177.85","181.77","177.00","19.55M","1.58%"
"2024-7-11","177.01","175.00","178.98","173.49","20.81M","2.29%"
"2024-7-10","173.05","175.01","180.09","173.05","17.77M","-1.55%"
"2024-7-9","175.77","175.30","177.30","173.09","16.44M","-0.08%"
"2024-7-8","175.91","176.01","178.37","175.01","10.81M","-0.96%"
"2024-7-5","177.62","181.00","182.49","176.50","13.52M","-1.10%"
"2024-7-4","179.60","180.39","182.99","179.20","11.83M","0.06%"
"2024-7-3","179.50","177.00","182.50","176.31","16.21M","1.94%"
"2024-7-2","176.08","173.85","176.96","172.11","14.42M","0.01%"
"2024-7-1","176.07","179.19","179.28","171.17","27.00M","-2.20%"
"2024-6-28","180.03","183.80","185.48","179.84","19.42M","-2.69%"
"2024-6-27","185.00","185.51","185.88","183.01","12.65M","-0.27%"
"2024-6-26","185.51","185.12","186.63","183.20","10.48M","-0.43%"
"2024-6-25","186.32","187.00","189.20","185.60","14.41M","-0.35%"
"2024-6-24","186.98","183.00","187.99","183.00","18.04M","0.98%"
"2024-6-21","185.16","188.31","188.96","182.37","18.47M","-1.51%"
"2024-6-20","187.99","189.99","190.11","187.10","11.56M","-0.54%"
"2024-6-19","189.01","190.60","190.70","187.68","10.75M","-0.69%"
"2024-6-18","190.33","188.15","190.47","187.02","15.65M","1.13%"
"2024-6-17","188.20","182.55","190.50","182.31","26.93M","1.79%"
"2024-6-14","184.89","186.10","186.58","178.58","37.18M","-0.16%"
"2024-6-13","185.18","187.00","190.01","185.12","22.12M","-0.23%"
"2024-6-12","185.60","186.00","189.76","185.48","20.31M","-1.68%"
"2024-6-11","188.77","189.00","192.00","184.61","42.07M","-2.29%"
"2024-6-7","193.20","198.86","202.45","187.59","51.69M","-5.66%"
"2024-6-6","204.79","203.98","206.88","202.20","12.41M","0.33%"
"2024-6-5","204.12","205.70","207.85","204.01","11.78M","-0.90%"
"2024-6-4","205.97","201.99","207.24","201.00","17.71M","1.71%"
"2024-6-3","202.50","197.76","203.60","195.80","18.72M","2.40%"
"2024-5-31","197.76","199.35","202.25","197.76","13.81M","-0.80%"
"2024-5-30","199.35","199.05","200.88","197.66","12.78M","0.28%"
"2024-5-29","198.79","198.01","202.50","197.80","13.34M","0.50%"
"2024-5-28","197.80","199.46","200.58","197.60","12.69M","-1.10%"
"2024-5-27","200.01","201.80","201.80","198.50","16.36M","-0.48%"
"2024-5-24","200.98","202.80","204.86","200.79","15.51M","-1.64%"
"2024-5-23","204.34","204.20","205.65","203.13","17.65M","-0.27%"
"2024-5-22","204.89","202.50","207.00","201.60","25.24M","1.65%"
"2024-5-21","201.56","203.67","204.58","200.56","12.30M","-0.93%"
"2024-5-20","203.45","207.20","207.88","203.01","19.92M","0.22%"
"2024-5-17","203.00","199.70","203.00","198.58","18.50M","1.67%"
"2024-5-16","199.67","198.80","201.64","196.98","15.38M","0.90%"
"2024-5-15","197.89","199.01","203.33","197.50","13.07M","-0.56%"
"2024-5-14","199.01","200.60","201.20","198.12","10.69M","-0.17%"
"2024-5-13","199.35","196.30","201.77","195.51","22.20M","-2.04%"
"2024-5-10","203.50","209.40","209.40","203.00","22.80M","-2.82%"
"2024-5-9","209.40","206.27","210.51","206.20","21.92M","3.04%"
"2024-5-8","203.23","207.00","207.80","203.11","12.43M","-1.76%"
"2024-5-7","206.88","206.18","207.88","205.15","13.18M","-0.05%"
"2024-5-6","206.98","211.00","211.70","206.03","27.10M","2.16%"
"2024-4-30","202.60","205.76","205.76","202.00","21.43M","-3.35%"
"2024-4-29","209.63","200.57","213.50","200.00","43.86M","5.62%"
"2024-4-26","198.48","192.01","198.88","192.01","22.49M","2.73%"
"2024-4-25","193.20","188.57","194.35","187.89","16.42M","1.90%"
"2024-4-24","189.60","192.00","192.40","186.40","15.15M","-0.17%"
"2024-4-23","189.93","191.13","192.50","187.88","11.11M","-0.35%"
"2024-4-22","190.60","192.80","194.89","190.57","15.10M","-0.10%"
"2024-4-19","190.80","193.06","194.46","189.51","18.49M","-2.43%"
"2024-4-18","195.56","193.97","197.45","191.39","19.54M","-0.22%"
"2024-4-17","195.99","195.35","196.93","193.02","21.62M","-0.59%"
"2024-4-16","197.15","199.00","199.30","194.92","27.62M","0.01%"
"2024-4-15","197.14","193.85","197.14","191.86","30.55M","4.64%"
"2024-4-12","188.39","191.00","191.98","188.01","16.63M","-2.19%"
"2024-4-11","192.60","190.81","194.30","187.00","19.30M","-0.07%"
"2024-4-10","192.74","194.11","195.00","191.53","17.96M","-1.66%"
"2024-4-9","196.00","194.00","196.50","193.71","14.57M","0.72%"
"2024-4-8","194.60","197.65","199.90","194.60","18.96M","-1.54%"
"2024-4-3","197.65","198.94","198.95","194.60","23.49M","-1.03%"
"2024-4-2","199.70","198.10","201.57","196.50","24.04M","0.94%"
"2024-4-1","197.84","194.00","199.83","193.40","27.51M","4.04%"
"2024-3-29","190.16","190.30","195.00","189.38","16.46M","0.73%"
"2024-3-28","188.78","188.07","191.70","186.60","20.04M","0.41%"
"2024-3-27","188.00","191.74","191.75","188.00","20.65M","-1.98%"
"2024-3-26","191.80","185.70","193.13","185.69","30.25M","3.79%"
"2024-3-25","184.80","185.57","188.20","184.48","16.41M","-0.92%"
"2024-3-22","186.51","189.09","189.91","184.99","19.10M","-1.36%"
"2024-3-21","189.08","189.51","191.88","189.08","18.76M","-0.21%"
"2024-3-20","189.48","185.51","191.24","185.51","21.03M","1.19%"
"2024-3-19","187.25","190.49","192.30","186.60","26.96M","-1.94%"
"2024-3-18","190.96","190.04","193.76","188.95","48.31M","5.50%"
"2024-3-15","181.00","183.63","183.90","176.85","35.48M","-1.53%"
"2024-3-14","183.81","184.89","187.96","182.96","30.54M","-0.74%"
"2024-3-13","185.18","187.00","187.69","183.30","34.80M","-0.36%"
"2024-3-12","185.84","183.34","186.43","180.00","62.16M","2.76%"
"2024-3-11","180.85","165.00","181.65","164.10","76.34M","14.46%"
"2024-3-8","158.00","159.13","160.80","156.65","20.22M","-1.34%"
"2024-3-7","160.15","163.00","164.17","159.48","22.15M","-2.13%"
"2024-3-6","163.64","162.58","166.90","161.70","18.72M","-0.61%"
"2024-3-5","164.65","162.10","165.20","160.00","27.55M","0.46%"
"2024-3-4","163.90","165.00","167.86","162.77","26.81M","-0.40%"
"2024-3-1","164.55","163.53","165.56","162.40","28.10M","0.64%"
"2024-2-29","163.51","156.10","163.77","155.66","39.17M","4.14%"
"2024-2-28","157.01","158.18","163.30","157.01","40.09M","-0.52%"
"2024-2-27","157.83","155.08","157.85","154.54","29.04M","1.17%"
"2024-2-26","156.00","159.23","159.99","154.70","36.07M","-2.80%"
"2024-2-23","160.50","161.97","162.00","159.06","21.02M","0.09%"
"2024-2-22","160.35","161.33","161.33","158.88","20.96M","-0.53%"
"2024-2-21","161.20","157.38","163.30","156.34","25.78M","1.81%"
"2024-2-20","158.33","161.88","161.88","156.07","22.19M","-1.10%"
"2024-2-19","160.09","164.96","164.96","159.09","27.09M","-1.69%"
"2024-2-8","162.84","159.50","165.00","158.88","30.90M","2.03%"
"2024-2-7","159.60","158.00","159.79","156.00","36.61M","0.80%"
"2024-2-6","158.33","151.19","159.26","150.82","43.75M","4.21%"
"2024-2-5","151.94","142.61","154.50","142.30","47.13M","4.07%"
"2024-2-2","146.00","148.00","149.00","143.37","30.71M","-2.03%"
"2024-2-1","149.02","151.58","152.52","148.58","27.97M","-1.70%"
"2024-1-31","151.59","145.00","152.96","144.00","59.52M","7.70%"
"2024-1-30","140.75","145.50","147.44","140.40","32.73M","-4.26%"
"2024-1-29","147.02","149.44","150.78","147.02","21.77M","-1.99%"
"2024-1-26","150.00","152.50","154.48","150.00","27.18M","-3.23%"
"2024-1-25","155.00","152.00","155.10","149.71","29.48M","0.99%"
"2024-1-24","153.48","154.50","154.99","149.51","24.87M","-0.28%"
"2024-1-23","153.91","155.00","158.80","153.19","32.31M","-1.12%"
"2024-1-22","155.66","153.50","159.95","150.65","40.49M","0.49%"
"2024-1-19","154.90","153.80","157.89","153.40","26.59M","0.19%"
"2024-1-18","154.61","150.10","155.20","150.01","30.78M","1.56%"
"2024-1-17","152.24","156.86","156.86","151.75","21.76M","-3.00%"
"2024-1-16","156.95","151.66","157.25","150.56","28.47M","3.46%"
"2024-1-15","151.70","153.50","153.70","149.35","17.27M","-1.89%"
"2024-1-12","154.63","154.00","157.33","152.20","25.46M","-0.12%"
"2024-1-11","154.82","150.66","157.77","148.51","32.80M","2.76%"
"2024-1-10","150.66","146.94","153.11","146.55","23.21M","1.32%"
"2024-1-9","148.70","149.96","151.37","145.75","23.39M","-0.87%"
"2024-1-8","150.00","150.20","153.39","149.08","19.39M","-0.60%"
"2024-1-5","150.90","150.99","154.73","149.49","21.04M","-0.20%"
"2024-1-4","151.20","155.50","155.72","149.77","27.24M","-2.95%"
"2024-1-3","155.80","156.10","157.28","154.40","19.76M","-0.66%"
"2024-1-2","156.83","162.22","162.53","156.62","21.40M","-3.94%"
"2023-12-29","163.26","163.98","165.00","162.00","22.68M","0.17%"
"2023-12-28","162.99","154.22","163.16","153.57","37.85M","5.61%"
"2023-12-27","154.33","157.53","158.00","153.87","17.36M","-1.15%"
"2023-12-26","156.13","156.97","157.50","154.74","12.77M","-0.90%"
"2023-12-25","157.54","155.50","157.88","154.80","13.01M","0.80%"
"2023-12-22","156.29","153.50","158.41","152.20","28.03M","1.23%"
"2023-12-21","154.39","147.57","155.33","147.57","42.13M","4.00%"
"2023-12-20","148.45","149.20","151.20","148.32","21.25M","-0.37%"
"2023-12-19","149.00","146.31","149.98","146.27","25.19M","1.38%"
"2023-12-18","146.97","153.11","153.69","146.28","42.91M","-5.18%"
"2023-12-15","155.00","157.20","158.68","154.60","20.20M","-1.04%"
"2023-12-14","156.63","160.88","161.49","156.44","22.75M","-1.71%"
"2023-12-13","159.35","162.55","163.59","158.71","25.26M","-2.62%"
"2023-12-12","163.63","164.00","165.22","162.98","14.73M","-1.04%"
"2023-12-11","165.35","162.01","165.69","160.16","21.49M","1.08%"
"2023-12-8","163.59","165.00","166.33","163.12","24.50M","-0.55%"
"2023-12-7","164.49","162.00","166.36","161.60","26.91M","0.99%"
"2023-12-6","162.88","158.65","166.86","158.22","36.77M","2.56%"
"2023-12-5","158.81","160.15","162.37","158.65","24.81M","-1.76%"
"2023-12-4","161.65","163.50","164.44","161.24","23.93M","-2.33%"
"2023-12-1","165.50","167.29","167.70","164.43","16.96M","-0.90%"
"2023-11-30","167.00","165.22","168.66","164.49","23.03M","0.09%"
"2023-11-29","166.85","171.00","171.38","166.37","25.19M","-2.95%"
"2023-11-28","171.92","170.03","171.97","168.87","20.21M","0.71%"
"2023-11-27","170.70","174.29","174.50","170.60","18.42M","-2.46%"
"2023-11-24","175.00","177.03","178.20","174.50","16.62M","-1.52%"
"2023-11-23","177.70","176.01","177.70","174.89","15.72M","0.40%"
"2023-11-22","177.00","179.55","181.30","177.00","18.69M","-2.00%"
"2023-11-21","180.61","182.00","184.00","180.01","19.77M","0.17%"
"2023-11-20","180.30","180.74","181.80","179.01","12.41M","-0.24%"
"2023-11-17","180.73","179.85","181.25","179.49","11.08M","-0.23%"
"2023-11-16","181.15","185.48","185.49","180.10","17.47M","-1.81%"
"2023-11-15","184.48","186.89","188.59","183.58","23.81M","0.44%"
"2023-11-14","183.68","187.85","188.80","183.00","23.49M","-2.22%"
"2023-11-13","187.85","192.00","192.20","187.02","12.52M","-0.62%"
"2023-11-10","189.03","189.00","189.97","188.05","11.61M","-1.26%"
"2023-11-9","191.45","190.63","192.58","190.53","11.00M","-0.20%"
"2023-11-8","191.84","190.18","192.94","190.00","14.65M","0.31%"
"2023-11-7","191.24","195.99","196.11","190.12","26.08M","-2.96%"
"2023-11-6","197.08","188.57","197.10","188.45","34.97M","5.14%"
"2023-11-3","187.44","186.00","188.68","184.60","14.37M","1.01%"
"2023-11-2","185.57","188.50","189.88","185.57","13.76M","-1.05%"
"2023-11-1","187.54","185.79","190.30","184.50","19.73M","1.05%"
"2023-10-31","185.60","186.68","187.22","184.60","18.15M","-1.29%"
"2023-10-30","188.02","187.00","189.88","184.80","32.26M","1.79%"
"2023-10-27","184.72","177.85","185.88","176.02","47.80M","3.73%"
"2023-10-26","178.07","174.00","178.30","168.81","41.42M","1.19%"
"2023-10-25","175.98","178.20","179.50","175.68","21.53M","-0.25%"
"2023-10-24","176.42","178.00","179.20","175.30","24.38M","-0.47%"
"2023-10-23","177.26","180.30","180.30","175.80","20.22M","-2.07%"
"2023-10-20","181.00","179.00","187.69","179.00","30.03M","-0.93%"
"2023-10-19","182.70","184.41","185.68","182.28","17.45M","-1.93%"
"2023-10-18","186.30","185.10","188.25","183.60","17.65M","0.46%"
"2023-10-17","185.44","185.51","189.30","184.57","21.56M","0.37%"
"2023-10-16","184.76","190.34","190.53","183.91","24.68M","-3.06%"
"2023-10-13","190.60","193.85","194.83","189.60","28.42M","-2.73%"
"2023-10-12","195.94","195.01","197.80","194.00","24.21M","0.60%"
"2023-10-11","194.77","197.87","198.60","194.10","20.25M","0.03%"
"2023-10-10","194.72","197.88","198.00","194.72","19.87M","-0.40%"
"2023-10-9","195.50","201.00","201.28","193.00","33.74M","-3.71%"
"2023-9-28","203.03","204.00","206.50","202.58","15.81M","-0.31%"
"2023-9-27","203.66","206.30","208.49","202.45","21.85M","-0.41%"
"2023-9-26","204.50","206.67","207.35","203.50","20.25M","-2.28%"
"2023-9-25","209.28","213.02","213.62","208.71","13.61M","-0.78%"
"2023-9-22","210.93","205.50","211.45","205.50","22.51M","2.03%"
"2023-9-21","206.73","210.01","210.95","206.67","16.21M","-1.51%"
"2023-9-20","209.90","213.00","213.33","208.68","13.09M","-1.14%"
"2023-9-19","212.32","213.06","213.48","210.60","15.02M","-0.35%"
"2023-9-18","213.06","206.00","214.69","206.00","26.59M","2.55%"
"2023-9-15","207.76","212.00","214.00","206.60","33.68M","-3.34%"
"2023-9-14","214.93","213.68","216.30","213.03","18.29M","-0.77%"
"2023-9-13","216.60","217.00","219.15","215.03","15.14M","-0.61%"
"2023-9-12","217.93","222.00","222.41","217.54","18.23M","-1.63%"
"2023-9-11","221.53","222.90","223.55","219.68","17.06M","-0.63%"
"2023-9-8","222.94","225.00","227.20","220.50","16.50M","-1.58%"
"2023-9-7","226.51","233.00","233.75","226.51","19.27M","-3.37%"
"2023-9-6","234.42","236.05","237.17","232.80","12.47M","-1.01%"
"2023-9-5","236.82","237.00","239.50","236.16","11.58M","-0.35%"
"2023-9-4","237.65","238.21","238.76","233.40","14.05M","0.53%"
"2023-9-1","236.40","236.60","239.51","234.60","9.10M","-0.06%"
"2023-8-31","236.55","237.10","238.50","236.13","9.67M","-0.40%"
"2023-8-30","237.50","239.40","242.00","237.50","14.59M","-0.42%"
"2023-8-29","238.50","231.20","243.00","230.92","29.18M","3.47%"
"2023-8-28","230.50","241.50","243.96","229.50","22.31M","0.95%"
"2023-8-25","228.34","227.93","229.97","225.81","11.19M","-0.27%"
"2023-8-24","228.95","228.88","231.54","226.50","14.16M","0.64%"
"2023-8-23","227.50","230.70","231.90","227.00","11.87M","-1.41%"
"2023-8-22","230.75","234.80","235.18","227.51","15.19M","-0.95%"
"2023-8-21","232.96","233.99","235.87","232.20","10.78M","-1.23%"
"2023-8-18","235.87","235.29","239.12","234.42","16.77M","0.26%"
"2023-8-17","235.25","234.99","236.50","228.88","20.44M","1.14%"
"2023-8-16","232.60","231.52","234.38","230.11","14.01M","0.56%"
"2023-8-15","231.30","232.88","234.60","229.40","14.61M","-0.69%"
"2023-8-14","232.90","239.20","239.98","230.21","25.69M","-3.56%"
"2023-8-11","241.50","248.95","248.95","241.50","17.20M","-2.03%"
"2023-8-10","246.50","247.90","251.33","244.12","14.04M","-0.20%"
"2023-8-9","247.00","245.50","247.68","243.14","11.68M","-0.06%"
"2023-8-8","247.14","245.98","249.33","244.88","15.07M","0.26%"
"2023-8-7","246.49","244.50","246.94","243.31","14.93M","0.40%"
"2023-8-4","245.51","245.00","249.96","241.11","31.57M","2.66%"
"2023-8-3","239.14","236.00","239.97","235.53","16.18M","1.12%"
"2023-8-2","236.50","237.00","239.49","235.50","14.15M","0.42%"
"2023-8-1","235.50","237.40","239.10","234.50","15.62M","-0.95%"
"2023-7-31","237.75","234.00","239.50","233.10","29.90M","3.35%"
"2023-7-28","230.05","226.98","231.00","225.05","18.80M","1.35%"
"2023-7-27","226.98","231.00","232.88","226.88","20.86M","0.14%"
"2023-7-26","226.66","225.12","227.00","223.66","15.46M","0.14%"
"2023-7-25","226.35","224.90","227.64","221.02","19.29M","3.37%"
"2023-7-24","218.98","217.15","220.88","214.14","13.72M","-1.18%"
"2023-7-21","221.59","220.85","222.98","219.76","8.39M","0.24%"
"2023-7-20","221.05","219.00","226.69","219.00","14.44M","0.71%"
"2023-7-19","219.50","224.00","224.95","218.58","17.60M","-2.66%"
"2023-7-18","225.50","227.80","227.88","224.50","8.58M","-0.07%"
"2023-7-17","225.65","227.01","228.00","223.60","10.45M","-1.15%"
"2023-7-14","228.28","230.15","230.93","226.55","13.00M","-0.75%"
"2023-7-13","230.00","228.21","235.00","228.21","22.26M","1.33%"
"2023-7-12","226.99","228.50","229.40","226.50","8.69M","-0.92%"
"2023-7-11","229.09","229.65","229.99","226.58","9.16M","0.13%"
"2023-7-10","228.80","223.00","230.00","223.00","16.09M","2.95%"
"2023-7-7","222.25","224.80","224.85","221.60","9.81M","-1.16%"
"2023-7-6","224.85","227.00","228.48","223.97","10.28M","-1.17%"
"2023-7-5","227.51","229.26","230.41","225.50","8.64M","-0.76%"
"2023-7-4","229.25","228.50","230.05","227.68","10.16M","-0.27%"
"2023-7-3","229.88","231.95","233.95","228.55","15.55M","0.48%"
"2023-6-30","228.79","223.99","229.99","220.35","21.55M","2.83%"
"2023-6-29","222.50","223.51","226.91","222.50","9.93M","-0.89%"
"2023-6-28","224.50","222.22","226.50","222.00","13.56M","0.46%"
"2023-6-27","223.47","223.98","226.30","221.18","13.42M","-0.75%"
"2023-6-26","225.17","219.91","226.95","219.68","15.91M","0.12%"
"2023-6-21","224.91","228.81","230.50","224.90","17.12M","-1.36%"
"2023-6-20","228.00","227.87","231.31","225.77","17.96M","0.05%"
"2023-6-19","227.88","232.99","232.99","226.00","18.71M","-1.39%"
"2023-6-16","231.10","232.00","234.17","228.30","29.64M","0.10%"
"2023-6-15","230.88","214.99","230.88","214.89","50.50M","8.19%"
"2023-6-14","213.40","217.15","217.63","213.00","16.36M","0.14%"
"2023-6-13","213.10","211.01","213.93","210.68","13.24M","0.54%"
"2023-6-12","211.95","211.95","214.00","208.90","18.13M","-0.04%"
"2023-6-9","212.04","208.55","213.13","208.55","24.26M","1.94%"
"2023-6-8","208.01","212.75","213.30","207.00","23.86M","0.34%"
"2023-6-7","207.30","216.38","216.50","204.45","50.09M","-5.46%"
"2023-6-6","219.28","218.01","222.30","216.98","17.24M","-0.24%"
"2023-6-5","219.80","225.90","225.90","216.39","33.60M","-3.78%"
"2023-6-2","228.44","224.90","229.99","224.00","23.18M","2.49%"
"2023-6-1","222.90","222.64","228.00","221.51","15.94M","0.78%"
"2023-5-31","221.17","225.05","226.89","220.16","18.87M","-1.70%"
"2023-5-30","224.99","217.00","224.99","216.01","26.47M","3.65%"
"2023-5-29","217.06","222.20","222.22","215.60","16.54M","-1.34%"
"2023-5-26","220.00","224.20","224.50","217.50","18.21M","-1.83%"
"2023-5-25","224.09","224.85","227.68","222.49","13.75M","-0.51%"
"2023-5-24","225.25","224.80","228.51","223.72","14.79M","-0.08%"
"2023-5-23","225.42","230.88","231.71","225.15","19.61M","-2.12%"
"2023-5-22","230.30","229.00","232.50","227.00","14.68M","0.13%"
"2023-5-19","230.00","231.75","234.18","230.00","19.47M","-1.03%"
"2023-5-18","232.40","241.30","241.37","231.04","24.12M","-3.17%"
"2023-5-17","240.00","239.00","241.68","236.06","18.25M","0.42%"
"2023-5-16","239.00","238.40","240.97","236.77","13.97M","0.30%"
"2023-5-15","238.29","241.01","244.00","235.10","26.71M","0.13%"
"2023-5-12","237.98","241.99","244.56","237.98","22.31M","-1.01%"
"2023-5-11","240.40","232.55","242.98","231.20","34.75M","3.39%"
"2023-5-10","232.52","225.80","234.25","221.21","28.96M","2.96%"
"2023-5-9","225.83","230.38","230.38","224.05","19.65M","-2.16%"
"2023-5-8","230.81","230.00","233.79","226.06","22.75M","1.68%"
"2023-5-5","227.00","225.00","230.00","223.72","16.74M","0.66%"
"2023-5-4","225.52","231.00","232.50","224.55","19.41M","-2.31%"
"2023-4-28","230.85","234.00","237.33","226.89","27.10M","-0.06%"
"2023-4-27","231.00","224.00","232.48","222.31","33.97M","2.90%"
"2023-4-26","224.50","213.00","227.95","210.01","39.71M","4.72%"
"2023-4-25","214.39","221.11","221.11","211.11","30.42M","-2.77%"
"2023-4-24","220.49","225.06","225.56","218.27","31.28M","-2.00%"
"2023-4-21","224.99","224.72","230.51","221.67","45.50M","2.27%"
"2023-4-20","220.00","227.94","227.94","220.00","28.52M","-3.50%"
"2023-4-19","227.98","230.28","230.47","225.56","20.92M","0.33%"
"2023-4-18","227.22","226.61","232.22","226.27","25.31M","0.27%"
"2023-4-17","226.60","220.18","227.78","219.89","31.79M","2.67%"
"2023-4-14","220.72","215.50","223.54","215.28","28.66M","2.33%"
"2023-4-13","215.70","216.67","217.42","213.89","18.08M","-0.96%"
"2023-4-12","217.78","222.22","222.22","217.78","15.73M","-1.99%"
"2023-4-11","222.19","222.23","227.71","221.11","25.86M","-0.51%"
"2023-4-10","223.34","218.83","223.39","215.56","31.03M","2.94%"
"2023-4-7","216.95","214.53","218.89","213.53","18.10M","0.64%"
"2023-4-6","215.57","213.33","216.42","211.19","19.05M","0.01%"
"2023-4-4","215.56","222.22","222.22","212.12","36.16M","-2.69%"
"2023-4-3","221.51","225.62","226.00","220.00","30.17M","-1.81%"
"2023-3-31","225.58","224.72","230.54","224.72","35.29M","1.48%"
"2023-3-30","222.28","222.77","223.33","220.75","15.63M","-0.02%"
"2023-3-29","222.32","219.56","224.60","218.35","24.76M","1.93%"
"2023-3-28","218.11","218.89","220.10","216.78","13.66M","-0.98%"
"2023-3-27","220.28","217.28","221.44","213.57","29.01M","0.74%"
"2023-3-24","218.66","221.33","223.48","216.67","21.18M","-1.20%"
"2023-3-23","221.32","221.11","223.29","219.13","18.05M","-0.21%"
"2023-3-22","221.78","221.52","227.03","220.57","31.84M","1.38%"
"2023-3-21","218.77","212.33","218.99","210.39","31.13M","3.64%"
"2023-3-20","211.08","208.08","213.67","204.44","28.51M","1.06%"
"2023-3-17","208.88","216.11","216.66","208.61","36.26M","-2.37%"
"2023-3-16","213.95","213.33","216.62","213.06","18.20M","-0.74%"
"2023-3-15","215.56","218.33","219.86","213.12","23.34M","0.20%"
"2023-3-14","215.13","217.16","217.22","210.00","33.27M","-1.22%"
"2023-3-13","217.78","223.91","225.92","216.67","33.90M","-3.40%"
"2023-3-10","225.44","223.16","227.74","219.94","34.46M","2.21%"
"2023-3-9","220.56","220.11","222.93","215.69","14.65M","-0.18%"
"2023-3-8","220.96","222.23","223.85","219.51","14.63M","-1.11%"
"2023-3-7","223.44","224.44","227.22","223.24","17.85M","-1.52%"
"2023-3-6","226.90","223.43","227.15","217.78","29.93M","1.52%"
"2023-3-3","223.51","223.50","225.39","222.22","14.77M","0.38%"
"2023-3-2","222.67","227.50","228.33","220.11","29.06M","-2.67%"
"2023-3-1","228.77","223.94","230.10","223.91","22.68M","1.95%"
"2023-2-28","224.39","224.44","226.83","223.06","16.78M","0.70%"
"2023-2-27","222.83","223.74","225.27","222.28","16.60M","-1.06%"
"2023-2-24","225.22","228.33","228.78","224.46","17.98M","-1.89%"
"2023-2-23","229.57","227.78","230.63","226.33","17.17M","0.92%"
"2023-2-22","227.48","227.22","230.06","225.93","22.26M","-1.33%"
"2023-2-21","230.56","231.93","234.72","228.89","23.73M","-1.30%"
"2023-2-20","233.59","231.11","234.38","225.74","30.29M","0.07%"
"2023-2-17","233.44","245.56","245.56","233.33","38.65M","-5.19%"
"2023-2-16","246.22","251.11","252.50","243.33","18.16M","-1.20%"
"2023-2-15","249.22","251.72","253.89","248.89","13.99M","-0.54%"
"2023-2-14","250.58","260.56","260.72","247.66","23.06M","-1.95%"
"2023-2-13","255.56","250.54","256.43","248.34","24.15M","3.15%"
"2023-2-10","247.75","251.67","253.16","247.23","15.12M","-1.55%"
"2023-2-9","251.66","248.45","253.33","245.28","14.46M","1.29%"
"2023-2-8","248.45","249.78","251.92","247.22","13.19M","-0.20%"
"2023-2-7","248.94","250.27","252.11","247.03","12.98M","-0.55%"
"2023-2-6","250.33","251.11","251.96","245.05","19.36M","-1.23%"
"2023-2-3","253.44","257.78","259.00","250.77","21.64M","-2.12%"
"2023-2-2","258.94","266.04","266.50","258.27","24.22M","-2.24%"
"2023-2-1","264.89","261.66","266.31","261.38","20.70M","2.49%"
"2023-1-31","258.44","261.04","265.28","256.91","25.12M","-1.16%"
"2023-1-30","261.47","266.32","272.53","259.71","38.11M","4.13%"
"2023-1-20","251.11","248.21","251.22","246.81","19.38M","1.17%"
"2023-1-19","248.21","247.41","250.83","245.66","13.16M","-0.39%"
"2023-1-18","249.17","249.17","250.49","246.17","13.22M","0.65%"
"2023-1-17","247.56","248.29","251.04","246.45","17.81M","-0.23%"
"2023-1-16","248.13","243.61","249.72","241.73","30.26M","1.62%"
"2023-1-13","244.17","246.67","251.40","238.89","37.36M","1.38%"
"2023-1-12","240.83","240.00","243.77","238.71","20.05M","1.32%"
"2023-1-11","237.70","239.17","242.22","235.56","22.04M","-0.96%"
"2023-1-10","240.00","232.03","241.67","229.61","32.87M","3.70%"
"2023-1-9","231.44","234.93","234.93","230.00","23.11M","-0.01%"
"2023-1-6","231.48","225.56","236.10","224.48","33.11M","2.25%"
"2023-1-5","226.39","215.56","227.87","213.89","46.88M","6.12%"
"2023-1-4","213.34","214.72","215.00","212.25","35.28M","-1.44%"
"2023-1-3","216.47","217.78","218.09","212.07","18.87M","-0.96%"
"2022-12-30","218.57","221.39","223.33","218.33","13.33M","-0.14%"
"2022-12-29","218.87","217.22","221.00","216.89","17.82M","-0.01%"
"2022-12-28","218.89","221.14","221.28","211.27","33.35M","-2.37%"
"2022-12-27","224.21","223.46","225.55","220.37","14.65M","-0.09%"
"2022-12-26","224.40","221.38","226.25","217.28","20.72M","1.37%"
"2022-12-23","221.38","220.50","223.79","218.94","13.29M","-0.88%"
"2022-12-22","223.33","228.33","228.33","222.22","13.30M","-1.18%"
"2022-12-21","226.01","227.78","229.15","224.73","9.73M","-0.66%"
"2022-12-20","227.51","233.33","233.67","227.22","14.62M","-2.59%"
"2022-12-19","233.56","232.78","238.94","232.26","18.19M","0.57%"
"2022-12-16","232.23","232.51","234.89","229.93","16.10M","-1.37%"
"2022-12-15","235.44","223.39","235.65","222.78","31.14M","5.34%"
"2022-12-14","223.50","227.78","228.86","221.82","16.56M","-0.77%"
"2022-12-13","225.23","230.56","231.06","223.36","20.29M","-2.16%"
"2022-12-12","230.19","233.94","235.29","230.08","15.82M","-2.41%"
"2022-12-9","235.89","234.21","236.50","233.61","16.84M","0.98%"
"2022-12-8","233.59","232.40","236.11","230.01","18.78M","0.52%"
"2022-12-7","232.39","222.22","234.27","221.67","43.94M","4.57%"
"2022-12-6","222.23","216.18","224.47","216.11","24.59M","1.97%"
"2022-12-5","217.95","217.71","220.48","215.56","21.78M","0.11%"
"2022-12-2","217.71","220.56","221.83","217.67","14.93M","-0.85%"
"2022-12-1","219.58","220.64","223.42","219.40","37.69M","2.66%"
"2022-11-30","213.89","210.56","213.89","206.76","25.28M","1.88%"
"2022-11-29","209.94","206.67","211.89","204.17","21.09M","2.05%"
"2022-11-28","205.73","202.78","206.84","200.01","20.01M","-0.51%"
"2022-11-25","206.78","207.26","208.33","206.11","11.05M","-1.17%"
"2022-11-24","209.23","212.84","212.90","208.34","15.38M","-0.76%"
"2022-11-23","210.84","208.33","212.72","207.50","15.89M","1.21%"
"2022-11-22","208.33","211.11","212.71","207.22","17.71M","-1.94%"
"2022-11-21","212.44","208.40","214.36","207.94","14.47M","0.42%"
"2022-11-18","211.55","210.00","215.00","206.11","29.53M","1.51%"
"2022-11-17","208.40","212.01","212.22","205.56","25.59M","-2.33%"
"2022-11-16","213.37","218.34","218.99","212.93","24.49M","-3.06%"
"2022-11-15","220.10","215.64","220.82","210.00","31.09M","2.32%"
"2022-11-14","215.10","224.50","226.67","214.19","33.27M","-3.80%"
"2022-11-11","223.60","222.78","225.38","219.01","35.07M","4.46%"
"2022-11-10","214.06","218.33","218.89","213.33","23.26M","-2.96%"
"2022-11-9","220.59","225.56","226.43","219.44","19.69M","-3.11%"
"2022-11-8","227.67","228.06","234.89","224.17","21.75M","-0.17%"
"2022-11-7","228.06","226.67","230.30","225.00","26.60M","1.51%"
"2022-11-4","224.67","214.33","226.84","213.33","37.75M","5.28%"
"2022-11-3","213.40","216.67","218.89","211.68","26.49M","-1.89%"
"2022-11-2","217.50","213.89","220.22","211.12","25.68M","1.37%"
"2022-11-1","214.56","209.17","216.04","204.51","35.85M","3.57%"
"2022-10-31","207.16","200.00","211.23","198.10","29.80M","2.02%"
"2022-10-28","203.06","214.06","215.28","202.78","43.33M","-6.35%"
"2022-10-27","216.83","221.11","223.37","216.67","27.51M","-2.68%"
"2022-10-26","222.81","225.00","226.98","221.16","25.33M","-0.16%"
"2022-10-25","223.17","223.89","226.71","217.77","25.27M","-0.57%"
"2022-10-24","224.46","225.90","230.00","221.67","26.16M","-2.17%"
"2022-10-21","229.44","226.67","231.64","226.22","14.87M","-0.48%"
"2022-10-20","230.56","233.49","235.37","224.44","30.82M","-3.79%"
"2022-10-19","239.63","238.90","245.56","238.71","22.20M","0.42%"
"2022-10-18","238.63","240.57","243.82","238.02","16.38M","0.04%"
"2022-10-17","238.53","240.56","240.56","233.75","18.97M","-1.73%"
"2022-10-14","242.73","243.33","245.74","238.10","24.42M","1.14%"
"2022-10-13","240.00","241.11","243.49","238.34","18.80M","-1.33%"
"2022-10-12","243.24","231.11","243.49","229.72","33.33M","5.17%"
"2022-10-11","231.28","224.44","231.28","223.83","33.20M","5.97%"
"2022-10-10","218.26","223.33","224.72","217.35","20.64M","-2.00%"
"2022-9-30","222.72","232.93","233.44","222.50","21.27M","-4.32%"
"2022-9-29","232.78","235.68","236.39","230.60","16.01M","0.53%"
"2022-9-28","231.55","237.22","238.24","229.33","19.26M","-2.96%"
"2022-9-27","238.61","241.05","241.85","235.01","20.81M","0.20%"
"2022-9-26","238.14","229.47","241.67","229.47","33.90M","2.71%"
"2022-9-23","231.86","231.09","236.00","227.81","21.63M","0.57%"
"2022-9-22","230.55","230.72","233.33","225.56","17.36M","-1.26%"
"2022-9-21","233.50","231.67","235.26","229.65","15.86M","-0.17%"
"2022-9-20","233.89","232.22","238.89","230.56","29.82M","1.77%"
"2022-9-19","229.82","227.57","234.22","227.24","25.14M","0.90%"
"2022-9-16","227.78","230.17","232.39","227.22","26.93M","-1.05%"
"2022-9-15","230.19","241.28","241.67","228.44","45.69M","-4.59%"
"2022-9-14","241.28","250.00","251.67","237.93","46.61M","-4.95%"
"2022-9-13","253.84","255.00","255.67","248.25","18.37M","1.04%"
"2022-9-9","251.23","251.44","252.46","248.06","22.04M","0.61%"
"2022-9-8","249.72","260.19","261.67","249.17","38.79M","-5.15%"
"2022-9-7","263.29","250.83","264.72","250.00","39.02M","4.11%"
"2022-9-6","252.89","260.00","260.20","246.60","49.54M","-2.81%"
"2022-9-5","260.20","256.67","262.22","255.01","16.40M","0.45%"
"2022-9-2","259.03","263.82","264.44","256.54","20.81M","-0.27%"
"2022-9-1","259.74","266.67","269.44","259.26","27.86M","-3.20%"
"2022-8-31","268.33","267.61","272.11","263.62","31.41M","-1.73%"
"2022-8-30","273.06","278.89","278.89","269.89","28.11M","-2.09%"
"2022-8-29","278.89","279.44","281.54","275.73","20.27M","-0.94%"
"2022-8-26","281.54","285.00","288.32","279.44","21.99M","-1.40%"
"2022-8-25","285.56","291.67","292.52","280.61","32.43M","-1.91%"
"2022-8-24","291.11","318.35","319.44","290.00","54.12M","-5.91%"
"2022-8-23","309.38","305.54","313.70","303.03","23.68M","0.97%"
"2022-8-22","306.41","296.67","308.70","292.89","25.75M","3.67%"
"2022-8-19","295.56","305.00","305.38","294.46","19.39M","-2.35%"
"2022-8-18","302.67","303.89","311.11","301.36","25.70M","-0.40%"
"2022-8-17","303.89","293.04","305.54","291.10","33.03M","4.43%"
"2022-8-16","291.00","288.83","298.89","287.88","28.98M","1.49%"
"2022-8-15","286.72","280.49","290.56","279.38","24.76M","2.81%"
"2022-8-12","278.89","283.44","284.44","276.62","13.29M","-1.57%"
"2022-8-11","283.33","280.08","285.01","274.44","17.64M","1.19%"
"2022-8-10","279.99","283.39","284.89","277.78","14.49M","-1.48%"
"2022-8-9","284.20","278.33","288.11","276.39","20.35M","2.01%"
"2022-8-8","278.61","275.56","281.21","271.67","16.14M","-0.82%"
"2022-8-5","280.92","277.78","285.50","275.00","21.93M","0.95%"
"2022-8-4","278.28","281.67","282.83","275.06","20.46M","-0.62%"
"2022-8-3","280.00","291.11","296.60","277.11","30.65M","-3.79%"
"2022-8-2","291.04","290.16","295.80","288.58","21.86M","-2.07%"
"2022-8-1","297.18","282.15","297.67","280.33","29.34M","5.17%"
"2022-7-29","282.56","291.08","291.11","279.51","21.44M","-1.36%"
"2022-7-28","286.44","288.06","292.61","285.01","16.68M","0.08%"
"2022-7-27","286.22","289.72","290.06","284.00","16.80M","-1.30%"
"2022-7-26","290.00","289.88","293.33","286.25","14.34M","0.05%"
"2022-7-25","289.86","295.56","296.64","288.33","15.57M","-1.93%"
"2022-7-22","295.56","298.73","302.22","292.24","25.71M","2.11%"
"2022-7-21","289.44","290.56","298.92","287.90","15.85M","-0.95%"
"2022-7-20","292.22","294.43","297.30","290.48","14.10M","0.26%"
"2022-7-19","291.45","305.87","305.87","291.11","29.36M","-4.90%"
"2022-7-18","306.48","301.11","306.69","294.64","25.87M","3.50%"
"2022-7-15","296.11","305.28","313.03","296.11","28.55M","-4.14%"
"2022-7-14","308.89","297.50","312.22","294.58","35.92M","3.16%"
"2022-7-13","299.44","282.39","301.79","278.76","44.22M","7.01%"
"2022-7-12","279.83","288.33","291.83","277.57","27.23M","-2.86%"
"2022-7-11","288.06","296.80","297.50","286.83","24.85M","-4.16%"
"2022-7-8","300.56","308.33","313.87","297.35","29.84M","-1.64%"
"2022-7-7","305.56","295.47","308.08","295.00","44.28M","5.36%"
"2022-7-6","290.00","292.84","296.38","285.88","23.55M","-0.36%"
"2022-7-5","291.04","291.39","297.87","284.82","27.83M","0.36%"
"2022-7-4","290.00","283.34","292.04","283.33","21.95M","-0.12%"
"2022-7-1","290.36","296.10","297.78","287.61","22.13M","-2.13%"
"2022-6-30","296.67","295.84","299.89","292.59","23.54M","0.27%"
"2022-6-29","295.86","296.11","301.39","292.22","26.25M","-2.11%"
"2022-6-28","302.22","302.78","305.20","291.72","33.56M","-0.91%"
"2022-6-27","305.00","313.33","313.87","302.77","29.92M","-2.57%"
"2022-6-24","313.06","304.44","313.06","294.33","34.74M","4.94%"
"2022-6-23","298.32","286.11","298.32","284.38","31.88M","5.91%"
"2022-6-22","281.67","285.56","290.14","281.61","26.39M","-0.17%"
"2022-6-21","282.14","280.00","284.93","275.62","26.22M","0.26%"
"2022-6-20","281.40","274.35","286.73","274.35","45.21M","4.21%"
"2022-6-17","270.03","251.28","272.60","250.68","50.93M","5.60%"
"2022-6-16","255.72","258.89","263.39","252.51","43.24M","-1.15%"
"2022-6-15","258.70","251.11","265.56","247.84","68.15M","5.40%"
"2022-6-14","245.46","243.46","245.89","238.17","31.47M","-0.27%"
"2022-6-13","246.13","246.67","252.32","243.48","33.52M","-2.42%"
"2022-6-10","252.22","237.76","253.22","237.76","44.58M","5.25%"
"2022-6-9","239.64","247.23","248.89","239.17","36.46M","-6.23%"
"2022-6-8","255.56","253.33","255.56","236.66","72.97M","0.22%"
"2022-6-7","255.00","258.44","259.44","250.44","22.97M","-1.50%"
"2022-6-6","258.88","242.78","260.56","242.78","34.27M","6.68%"
"2022-6-2","242.67","234.88","246.54","233.89","31.41M","2.77%"
"2022-6-1","236.13","227.83","239.44","225.56","34.52M","4.17%"
"2022-5-31","226.67","222.17","228.88","218.61","32.04M","1.54%"
"2022-5-30","223.22","223.49","226.22","221.56","22.55M","1.88%"
"2022-5-27","219.11","220.00","227.30","217.85","33.80M","1.13%"
"2022-5-26","216.67","221.38","223.24","216.04","25.31M","-2.25%"
"2022-5-25","221.66","224.72","225.59","219.17","25.08M","-0.76%"
"2022-5-24","223.36","229.81","229.82","223.24","27.02M","-3.52%"
"2022-5-23","231.50","237.17","237.17","227.78","24.83M","-2.39%"
"2022-5-20","237.17","237.78","240.00","231.94","28.49M","1.89%"
"2022-5-19","232.78","230.25","234.39","227.03","22.74M","0.00%"
"2022-5-18","232.78","235.80","236.67","230.24","19.28M","-0.84%"
"2022-5-17","234.76","227.77","235.88","226.81","25.00M","3.82%"
"2022-5-16","226.12","231.66","237.67","226.12","25.90M","-1.88%"
"2022-5-13","230.44","226.11","232.47","222.51","26.74M","2.80%"
"2022-5-12","224.17","224.67","227.33","221.04","24.16M","-1.52%"
"2022-5-11","227.64","211.09","232.66","210.83","57.16M","8.06%"
"2022-5-10","210.65","199.61","213.89","198.41","43.99M","2.90%"
"2022-5-9","204.72","207.78","209.42","202.06","30.00M","-1.99%"
"2022-5-6","208.88","201.11","214.85","201.01","43.34M","0.00%"
"2022-5-5","208.89","202.78","214.04","196.11","108.50M","-8.15%"
"2022-4-29","227.42","218.89","227.77","208.34","60.57M","5.64%"
"2022-4-28","215.28","222.21","223.61","212.22","46.65M","-4.80%"
"2022-4-27","226.14","203.89","227.09","203.74","56.90M","7.97%"
"2022-4-26","209.44","214.51","217.78","209.44","33.32M","-3.36%"
"2022-4-25","216.72","221.00","225.61","216.67","38.37M","-6.08%"
"2022-4-22","230.74","226.67","235.10","225.00","36.25M","1.52%"
"2022-4-21","227.28","228.82","231.94","221.61","38.01M","0.52%"
"2022-4-20","226.11","243.89","246.11","225.43","56.16M","-7.55%"
"2022-4-19","244.59","250.26","255.32","243.58","25.89M","-2.38%"
"2022-4-18","250.56","245.56","251.10","241.83","21.52M","0.03%"
"2022-4-15","250.48","250.63","253.88","240.43","35.98M","-1.94%"
"2022-4-14","255.44","263.89","264.44","252.22","24.75M","-1.33%"
"2022-4-13","258.89","258.83","267.67","256.67","17.14M","-1.27%"
"2022-4-12","262.22","255.98","262.66","255.83","22.50M","2.83%"
"2022-4-11","255.00","264.04","265.56","251.17","37.33M","-7.27%"
"2022-4-8","275.00","273.72","280.48","271.67","16.84M","-0.04%"
"2022-4-7","275.12","278.08","280.56","270.58","21.52M","-2.55%"
"2022-4-6","282.32","286.96","287.78","279.44","15.38M","-2.07%"
"2022-4-1","288.28","282.22","291.39","280.63","17.13M","1.29%"
"2022-3-31","284.61","286.19","287.78","279.53","17.32M","-1.29%"
"2022-3-30","288.33","273.33","288.33","273.33","29.19M","6.59%"
"2022-3-29","270.50","270.56","277.78","267.78","20.22M","-0.02%"
"2022-3-28","270.56","282.71","282.71","265.60","26.90M","-3.00%"
"2022-3-25","278.93","284.40","287.88","278.89","16.71M","-2.32%"
"2022-3-24","285.56","283.31","287.60","276.88","15.27M","-0.25%"
"2022-3-23","286.27","288.89","290.54","283.28","15.14M","0.45%"
"2022-3-22","285.00","288.89","288.89","281.67","18.41M","-1.35%"
"2022-3-21","288.89","288.89","296.78","287.56","24.54M","1.86%"
"2022-3-18","283.61","288.33","291.37","280.00","29.51M","-2.67%"
"2022-3-17","291.39","287.50","297.22","286.17","49.73M","4.25%"
"2022-3-16","279.50","264.56","279.71","260.27","50.80M","8.61%"
"2022-3-15","257.33","256.11","267.38","250.33","38.28M","0.04%"
"2022-3-14","257.22","268.33","270.68","257.22","29.32M","-6.19%"
"2022-3-11","274.19","267.13","275.00","263.39","30.78M","0.56%"
"2022-3-10","272.67","272.22","280.86","269.62","43.13M","3.66%"
"2022-3-9","263.04","253.33","263.33","248.89","42.22M","3.96%"
"2022-3-8","253.03","257.77","259.14","246.12","40.96M","0.12%"
"2022-3-7","252.72","263.89","269.44","252.23","44.28M","-7.50%"
"2022-3-4","273.22","280.56","282.78","271.11","29.31M","-4.13%"
"2022-3-3","284.99","287.33","288.22","281.65","15.66M","-0.17%"
"2022-3-2","285.47","295.00","295.44","282.71","24.14M","-4.17%"
"2022-3-1","297.88","299.56","304.49","294.44","17.55M","0.53%"
"2022-2-28","296.31","291.11","298.06","291.11","17.94M","0.86%"
"2022-2-25","293.78","289.44","297.22","289.38","30.54M","4.16%"
"2022-2-24","282.06","282.22","289.77","278.33","29.09M","-2.18%"
"2022-2-23","288.33","281.11","288.36","279.16","27.78M","2.98%"
"2022-2-22","280.00","281.47","282.22","273.54","24.54M","-1.18%"
"2022-2-21","283.33","292.50","292.50","280.82","28.14M","-3.32%"
"2022-2-18","293.06","294.44","297.22","290.54","20.49M","-1.40%"
"2022-2-17","297.22","294.43","301.94","291.99","19.35M","0.79%"
"2022-2-16","294.89","293.33","301.35","291.11","22.87M","0.72%"
"2022-2-15","292.78","288.33","294.63","283.89","27.27M","3.74%"
"2022-2-14","282.22","270.00","284.94","269.48","35.33M","3.68%"
"2022-2-11","272.22","281.11","285.32","271.67","43.16M","-5.43%"
"2022-2-10","287.83","306.56","306.67","277.72","52.62M","-5.32%"
"2022-2-9","304.00","299.44","306.06","292.78","20.69M","1.17%"
"2022-2-8","300.48","321.91","321.91","289.90","37.17M","-6.66%"
"2022-2-7","321.91","336.67","338.88","318.99","26.15M","-2.22%"
"2022-1-28","329.22","330.33","335.56","316.91","43.80M","3.06%"
"2022-1-27","319.44","325.00","330.55","316.67","23.31M","-2.13%"
"2022-1-26","326.39","317.67","328.11","314.72","20.89M","3.87%"
"2022-1-25","314.22","318.45","324.07","313.89","12.96M","-2.65%"
"2022-1-24","322.77","313.33","329.03","310.56","20.81M","2.02%"
"2022-1-21","316.38","312.78","322.00","306.67","17.85M","0.06%"
"2022-1-20","316.18","314.44","321.11","312.97","14.52M","-0.15%"
"2022-1-19","316.66","327.50","330.56","310.28","26.08M","-2.86%"
"2022-1-18","326.00","337.14","337.65","325.56","19.26M","-3.30%"
"2022-1-17","337.14","327.14","338.06","321.56","25.84M","5.10%"
"2022-1-14","320.78","309.48","322.67","308.89","20.90M","2.19%"
"2022-1-13","313.89","317.22","323.33","308.19","25.02M","-0.01%"
"2022-1-12","313.91","306.11","316.64","306.06","34.50M","5.28%"
"2022-1-11","298.17","300.62","305.50","298.01","15.25M","-0.32%"
"2022-1-10","299.11","297.21","305.00","291.24","26.75M","-0.28%"
"2022-1-7","299.94","305.56","308.89","293.33","23.71M","-0.29%"
"2022-1-6","300.82","299.17","303.89","295.44","24.99M","-1.10%"
"2022-1-5","304.17","314.67","314.93","300.00","29.98M","-3.76%"
"2022-1-4","316.04","336.67","337.22","311.67","31.42M","-3.25%"
"2021-12-31","326.67","332.39","336.66","323.33","16.87M","-0.34%"
"2021-12-30","327.78","320.56","331.27","319.76","22.36M","2.51%"
"2021-12-29","319.75","325.00","325.55","316.54","17.94M","-1.62%"
"2021-12-28","325.00","321.11","326.27","316.62","17.39M","1.11%"
"2021-12-27","321.44","319.00","326.66","318.61","18.33M","0.31%"
"2021-12-24","320.44","346.67","347.36","312.78","44.29M","-7.28%"
"2021-12-23","345.59","343.88","350.44","340.04","14.35M","1.94%"
"2021-12-22","339.02","338.22","342.78","335.00","15.05M","1.02%"
"2021-12-21","335.59","336.67","341.49","330.04","22.62M","-1.01%"
"2021-12-20","339.01","360.56","360.56","337.60","27.92M","-6.29%"
"2021-12-17","361.77","361.67","363.33","355.39","24.57M","-0.59%"
"2021-12-16","363.92","365.17","365.17","359.49","11.07M","0.93%"
"2021-12-15","360.56","360.79","367.22","359.42","12.69M","-0.31%"
"2021-12-14","361.67","365.19","365.19","357.77","15.81M","-1.12%"
"2021-12-13","365.76","355.50","367.03","350.04","28.95M","2.88%"
"2021-12-10","355.53","345.68","362.98","345.10","38.49M","0.97%"
"2021-12-9","352.11","355.00","355.56","346.06","24.17M","-0.81%"
"2021-12-8","355.00","352.66","358.21","347.92","21.40M","1.59%"
"2021-12-7","349.44","367.78","368.33","340.11","39.85M","-4.30%"
"2021-12-6","365.16","375.61","377.89","364.44","20.27M","-4.33%"
"2021-12-3","381.67","382.76","384.44","372.78","14.54M","-0.15%"
"2021-12-2","382.22","373.32","382.89","371.67","16.52M","2.38%"
"2021-12-1","373.33","377.78","380.55","368.95","12.57M","-1.18%"
"2021-11-30","377.78","380.42","380.92","374.07","12.94M","0.03%"
"2021-11-29","377.67","363.33","380.28","362.78","20.64M","3.31%"
"2021-11-26","365.56","361.67","371.56","361.67","10.53M","0.61%"
"2021-11-25","363.33","362.78","365.83","358.49","10.48M","-0.73%"
"2021-11-24","366.00","372.32","375.44","361.30","15.39M","-1.96%"
"2021-11-23","373.33","377.95","377.95","370.00","17.88M","-1.32%"
"2021-11-22","378.33","358.33","378.33","356.73","27.56M","6.57%"
"2021-11-19","355.00","350.56","355.00","344.47","15.22M","2.08%"
"2021-11-18","347.78","347.71","353.70","340.88","13.55M","0.02%"
"2021-11-17","347.71","346.11","350.24","343.09","13.61M","1.77%"
"2021-11-16","341.65","344.44","347.29","337.22","15.18M","-0.81%"
"2021-11-15","344.44","356.11","356.11","337.76","25.21M","-3.28%"
"2021-11-12","356.11","365.00","367.70","352.18","20.56M","-2.26%"
"2021-11-11","364.36","361.67","369.52","361.17","13.86M","1.21%"
"2021-11-10","360.00","361.74","364.71","352.78","22.93M","-2.30%"
"2021-11-9","368.49","370.97","371.11","362.85","12.01M","0.38%"
"2021-11-8","367.11","353.89","369.43","350.56","22.09M","4.21%"
"2021-11-5","352.27","355.00","360.99","352.22","15.40M","-1.97%"
"2021-11-4","359.36","360.00","363.89","353.36","16.56M","1.07%"
"2021-11-3","355.56","361.67","364.46","348.89","22.97M","-2.74%"
"2021-11-2","365.56","363.89","369.87","360.00","23.65M","1.23%"
"2021-11-1","361.11","356.11","377.22","350.63","39.92M","1.69%"
"2021-10-29","355.12","341.83","358.61","332.74","36.48M","5.27%"
"2021-10-28","337.33","347.22","352.78","334.96","31.11M","-1.27%"
"2021-10-27","341.69","332.22","341.69","329.54","24.39M","2.85%"
"2021-10-26","332.22","353.20","354.71","331.07","26.69M","-2.09%"
"2021-10-25","339.32","340.00","347.31","335.18","25.29M","1.56%"
"2021-10-22","334.11","336.66","336.66","327.96","19.84M","0.91%"
"2021-10-21","331.11","327.78","332.78","322.22","18.26M","1.10%"
"2021-10-20","327.50","330.56","340.77","326.11","22.44M","-0.19%"
"2021-10-19","328.11","335.56","341.66","325.00","27.16M","-0.74%"
"2021-10-18","330.57","322.78","330.69","316.67","33.61M","4.57%"
"2021-10-15","316.11","295.56","321.59","293.39","41.31M","6.89%"
"2021-10-14","295.72","291.67","297.16","291.67","14.11M","1.92%"
"2021-10-13","290.14","280.56","290.28","280.00","13.77M","3.42%"
"2021-10-12","280.56","289.77","290.34","277.16","17.26M","-3.07%"
"2021-10-11","289.44","297.22","298.67","287.81","14.10M","-2.43%"
"2021-10-8","296.67","296.67","305.59","290.50","22.53M","1.57%"
"2021-9-30","292.07","280.56","295.83","278.89","30.09M","4.62%"
"2021-9-29","279.17","275.56","284.33","274.44","16.91M","0.42%"
"2021-9-28","278.02","284.44","287.75","276.78","16.60M","-2.55%"
"2021-9-27","285.28","280.56","288.78","277.66","26.09M","2.70%"
"2021-9-24","277.77","274.93","284.73","272.50","18.47M","1.42%"
"2021-9-23","273.88","280.48","280.48","273.22","14.35M","-0.06%"
"2021-9-22","274.06","274.78","278.33","271.17","11.56M","-1.93%"
"2021-9-17","279.44","276.11","282.78","273.41","14.75M","1.00%"
"2021-9-16","276.67","290.56","290.56","276.67","20.27M","-5.21%"
"2021-9-15","291.86","294.44","295.55","284.34","18.90M","-0.86%"
"2021-9-14","294.39","281.73","300.56","279.40","42.09M","5.39%"
"2021-9-13","279.33","278.94","284.50","275.56","16.14M","0.14%"
"2021-9-10","278.94","274.13","279.88","272.60","20.33M","-1.01%"
"2021-9-9","281.78","283.06","288.32","272.67","19.83M","0.83%"
"2021-9-8","279.44","288.33","290.88","277.78","17.53M","-2.14%"
"2021-9-7","285.56","286.11","292.59","283.33","16.96M","-0.40%"
"2021-9-6","286.72","273.89","287.78","268.33","26.63M","6.08%"
"2021-9-3","270.28","276.67","279.93","267.16","20.31M","-1.42%"
"2021-9-2","274.17","273.33","275.62","269.88","20.64M","0.98%"
"2021-9-1","271.51","273.33","274.44","261.94","26.03M","-1.24%"
"2021-8-31","274.93","284.41","284.41","269.92","26.57M","-2.05%"
"2021-8-30","280.69","281.92","292.11","277.14","28.29M","-0.45%"
"2021-8-27","281.94","288.89","291.11","278.89","21.52M","-2.59%"
"2021-8-26","289.44","299.99","310.52","289.38","30.24M","-1.74%"
"2021-8-25","294.58","291.11","295.67","284.00","17.15M","1.38%"
"2021-8-24","290.56","286.89","300.06","286.18","23.96M","0.21%"
"2021-8-23","289.94","280.56","290.68","278.89","29.20M","5.62%"
"2021-8-20","274.51","277.22","277.33","268.06","22.55M","-1.77%"
"2021-8-19","279.44","278.89","283.18","268.89","26.02M","1.62%"
"2021-8-18","275.00","270.30","279.39","265.23","28.72M","3.12%"
"2021-8-17","266.67","269.44","274.89","265.13","28.10M","0.63%"
"2021-8-16","265.00","274.44","279.94","261.04","39.68M","-4.99%"
"2021-8-13","278.92","266.67","294.39","266.67","49.91M","0.01%"
"2021-8-12","278.89","284.45","284.99","274.44","30.81M","-2.95%"
"2021-8-11","287.36","283.33","290.56","280.49","20.23M","1.32%"
"2021-8-10","283.61","283.89","288.44","277.22","32.43M","-1.07%"
"2021-8-9","286.67","295.56","295.83","279.44","33.45M","-5.13%"
"2021-8-6","302.16","313.77","315.00","299.44","25.87M","-2.36%"
"2021-8-5","309.44","314.44","314.44","303.63","23.36M","-2.11%"
"2021-8-4","316.11","296.67","317.22","291.67","31.32M","7.16%"
"2021-8-3","295.00","308.33","308.89","290.56","22.03M","-3.80%"
"2021-8-2","306.67","309.44","319.44","296.04","32.94M","0.29%"
"2021-7-30","305.78","313.89","323.44","300.00","36.33M","-1.15%"
"2021-7-29","309.33","303.33","309.86","293.89","33.52M","6.05%"
"2021-7-28","291.69","275.56","296.28","275.56","39.10M","6.07%"
"2021-7-27","275.00","301.68","310.66","275.00","32.12M","-8.30%"
"2021-7-26","299.88","302.22","307.18","290.28","22.91M","-1.32%"
"2021-7-23","303.89","308.33","313.33","303.33","16.80M","-1.81%"
"2021-7-22","309.49","309.22","313.16","303.16","19.59M","0.23%"
"2021-7-21","308.77","294.46","308.93","292.23","32.77M","5.25%"
"2021-7-20","293.36","286.11","299.59","286.11","23.40M","0.87%"
"2021-7-19","290.83","300.00","300.93","286.67","32.42M","-1.41%"
"2021-7-16","295.00","315.00","315.00","293.41","32.13M","-6.51%"
"2021-7-15","315.56","302.78","316.04","300.58","24.72M","3.02%"
"2021-7-14","306.32","308.33","312.16","300.56","22.66M","-2.07%"
"2021-7-13","312.78","311.11","322.00","306.67","24.55M","-0.49%"
"2021-7-12","314.33","308.95","320.56","308.95","27.86M","3.65%"
"2021-7-9","303.27","310.55","310.55","296.97","28.19M","-2.37%"
"2021-7-8","310.64","306.11","317.50","301.47","28.58M","3.07%"
"2021-7-7","301.39","288.89","301.39","281.74","32.66M","5.29%"
"2021-7-6","286.24","288.89","300.54","278.84","32.50M","-0.78%"
"2021-7-5","288.48","286.11","293.71","282.26","25.83M","-0.06%"
"2021-7-2","288.66","291.18","297.31","283.14","24.97M","-1.87%"
"2021-7-1","294.17","298.22","300.00","287.78","20.38M","-0.99%"
"2021-6-30","297.11","282.78","301.11","276.67","26.02M","5.17%"
"2021-6-29","282.51","285.36","288.67","280.12","27.61M","2.96%"
"2021-6-28","274.39","264.57","279.43","260.17","26.36M","3.71%"
"2021-6-25","264.57","262.78","265.00","255.00","17.92M","1.91%"
"2021-6-24","259.61","262.85","263.82","256.67","16.58M","-0.25%"
"2021-6-23","260.25","252.27","262.23","250.83","22.40M","4.05%"
"2021-6-22","250.13","250.10","252.22","244.57","15.92M","-0.57%"
"2021-6-21","251.56","251.00","253.28","244.57","21.75M","0.62%"
"2021-6-18","250.00","242.88","252.89","242.88","28.08M","3.56%"
"2021-6-17","241.39","235.69","243.19","235.69","18.49M","3.41%"
"2021-6-16","233.43","244.95","246.56","231.67","25.14M","-5.58%"
"2021-6-15","247.22","251.67","253.28","241.94","18.45M","-1.54%"
"2021-6-11","251.10","246.11","254.36","238.92","35.63M","3.99%"
"2021-6-10","241.46","227.83","247.03","227.83","34.83M","6.17%"
"2021-6-9","227.43","227.22","231.11","223.89","16.84M","-0.05%"
"2021-6-8","227.55","224.44","236.03","224.44","29.94M","0.51%"
"2021-6-7","226.39","235.47","235.55","222.22","38.75M","-5.72%"
"2021-6-4","240.12","232.78","244.17","230.64","32.42M","4.20%"
"2021-6-3","230.43","236.67","237.93","227.78","22.28M","-2.29%"
"2021-6-2","235.83","238.39","240.94","232.93","20.83M","-0.20%"
"2021-6-1","236.30","233.33","239.44","231.40","28.58M","-2.02%"
"2021-5-31","241.17","231.11","241.98","230.00","36.01M","5.98%"
"2021-5-28","227.56","216.67","234.17","216.67","49.89M","6.67%"
"2021-5-27","213.33","215.28","216.67","212.14","14.33M","-0.37%"
"2021-5-26","214.12","219.44","222.21","213.70","22.86M","-2.56%"
"2021-5-25","219.74","216.36","220.00","214.28","26.92M","1.95%"
"2021-5-24","215.53","211.11","215.86","208.99","30.53M","3.30%"
"2021-5-21","208.65","212.65","215.16","204.98","25.30M","-0.57%"
"2021-5-20","209.86","209.89","213.27","205.61","23.12M","0.72%"
"2021-5-19","208.36","203.61","211.11","201.67","21.14M","1.61%"
"2021-5-18","205.06","206.67","210.67","203.59","16.13M","-1.09%"
"2021-5-17","207.32","200.00","208.82","199.99","34.80M","3.95%"
"2021-5-14","199.44","196.40","200.28","190.65","31.78M","2.25%"
"2021-5-13","195.06","196.83","199.32","194.28","20.43M","-2.88%"
"2021-5-12","200.83","203.89","205.04","197.55","24.05M","-1.39%"
"2021-5-11","203.67","201.11","205.50","196.11","20.54M","-0.44%"
"2021-5-10","204.56","202.67","207.77","200.00","22.42M","0.25%"
"2021-5-7","204.04","213.33","215.31","203.41","27.25M","-4.35%"
"2021-5-6","213.33","216.67","216.67","204.72","34.14M","-1.07%"
"2021-4-30","215.65","207.22","217.78","204.40","46.56M","2.15%"
"2021-4-29","211.11","206.01","212.17","204.37","32.56M","3.53%"
"2021-4-28","203.91","196.12","208.33","195.56","42.54M","5.29%"
"2021-4-27","193.67","194.44","194.89","189.03","27.33M","-0.11%"
"2021-4-26","193.89","207.56","211.11","192.89","46.12M","-6.06%"
"2021-4-23","206.39","201.31","207.22","200.01","20.77M","2.52%"
"2021-4-22","201.31","203.33","203.67","196.46","19.42M","1.88%"
"2021-4-21","197.61","195.09","198.83","193.22","22.32M","-0.92%"
"2021-4-20","199.44","198.88","204.88","196.39","25.71M","-1.37%"
"2021-4-19","202.22","186.11","202.50","184.08","36.99M","9.03%"
"2021-4-16","185.47","188.89","189.11","180.33","20.77M","-0.94%"
"2021-4-15","187.22","188.87","189.72","185.09","22.45M","-2.60%"
"2021-4-14","192.22","184.03","193.05","182.60","33.31M","6.54%"
"2021-4-13","180.42","174.06","185.00","173.94","25.24M","3.10%"
"2021-4-12","175.01","176.81","180.58","173.94","25.31M","0.96%"
"2021-4-9","173.33","180.01","180.01","172.22","16.78M","-2.45%"
"2021-4-8","177.69","174.44","178.70","172.78","14.17M","-0.05%"
"2021-4-7","177.78","184.95","184.95","173.42","24.11M","-1.78%"
"2021-4-6","181.00","186.11","187.78","177.27","18.83M","-1.99%"
"2021-4-2","184.67","184.97","186.77","181.60","16.67M","0.73%"
"2021-4-1","183.33","179.89","186.38","179.61","20.40M","2.43%"
"2021-3-31","178.98","177.16","181.20","173.89","28.90M","1.00%"
"2021-3-30","177.21","173.12","178.32","171.11","22.75M","-43.13%"
"2021-3-29","311.60","313.50","319.77","305.01","15.56M","-0.64%"
"2021-3-26","313.62","295.00","314.05","293.00","23.71M","7.57%"
"2021-3-25","291.55","280.51","293.35","280.05","18.44M","0.96%"
"2021-3-24","288.79","305.00","305.10","285.00","25.21M","-4.98%"
"2021-3-23","303.91","305.00","310.64","300.12","15.12M","-1.26%"
"2021-3-22","307.80","319.00","321.00","298.89","23.17M","-2.75%"
"2021-3-19","316.50","325.00","332.99","311.00","18.97M","-5.75%"
"2021-3-18","335.80","334.00","343.11","333.51","11.37M","0.84%"
"2021-3-17","333.00","317.88","336.20","313.10","14.67M","3.10%"
"2021-3-16","323.00","317.00","324.99","313.50","13.71M","3.43%"
"2021-3-15","312.30","340.00","340.00","307.00","23.04M","-8.54%"
"2021-3-12","341.46","336.91","345.00","331.30","18.95M","3.07%"
"2021-3-11","331.28","316.00","333.48","311.30","20.96M","5.34%"
"2021-3-10","314.50","316.00","322.28","313.00","23.76M","4.83%"
"2021-3-9","300.00","300.00","310.50","289.00","27.36M","-1.64%"
"2021-3-8","305.00","323.00","334.72","300.88","21.30M","-4.69%"
"2021-3-5","320.00","313.01","326.88","308.33","17.31M","-1.71%"
"2021-3-4","325.57","345.00","345.00","322.91","18.10M","-6.88%"
"2021-3-3","349.63","346.05","349.63","340.36","10.46M","0.01%"
"2021-3-2","349.60","353.00","353.20","341.06","15.28M","1.45%"
"2021-3-1","344.60","331.51","345.62","328.28","20.54M","6.94%"
"2021-2-26","322.23","323.00","333.00","317.79","22.95M","-4.41%"
"2021-2-25","337.10","353.85","353.85","335.00","24.58M","-2.85%"
"2021-2-24","347.00","375.00","378.00","339.40","30.27M","-7.85%"
"2021-2-23","376.54","370.00","376.54","360.88","13.60M","0.41%"
"2021-2-22","375.00","387.50","395.80","374.90","16.72M","-3.23%"
"2021-2-19","387.50","390.00","396.00","374.20","18.69M","-2.39%"
"2021-2-18","397.00","422.00","422.00","386.88","23.82M","-3.79%"
"2021-2-10","412.66","413.99","416.60","406.00","16.28M","0.60%"
"2021-2-9","410.20","411.20","415.00","400.80","16.20M","1.53%"
"2021-2-8","404.00","375.00","404.80","373.01","24.40M","8.18%"
"2021-2-5","373.45","395.00","396.99","372.85","18.41M","-3.87%"
"2021-2-4","388.50","384.91","393.80","379.50","21.63M","1.97%"
"2021-2-3","380.98","379.00","387.56","375.05","21.11M","3.58%"
"2021-2-2","367.80","352.01","369.99","337.37","25.09M","4.99%"
"2021-2-1","350.33","353.00","356.90","346.20","17.53M","-1.07%"
"2021-1-29","354.11","376.01","377.00","342.56","27.60M","-4.27%"
"2021-1-28","369.90","380.00","383.01","368.00","18.18M","-5.28%"
"2021-1-27","390.52","392.00","393.20","372.00","14.84M","1.30%"
"2021-1-26","385.50","396.81","396.81","383.76","15.10M","-2.88%"
"2021-1-25","396.95","406.30","418.34","392.34","21.74M","-2.71%"
"2021-1-22","408.00","391.50","410.28","391.50","19.04M","4.27%"
"2021-1-21","391.30","387.00","399.00","380.00","17.48M","-0.03%"
"2021-1-20","391.40","373.80","393.38","370.91","21.34M","6.91%"
"2021-1-19","366.11","384.00","386.00","364.55","16.29M","-4.63%"
"2021-1-18","383.90","376.74","391.80","375.77","14.20M","0.88%"
"2021-1-15","380.55","367.99","383.98","365.00","19.82M","3.13%"
"2021-1-14","369.01","375.20","384.00","368.02","19.61M","-4.15%"
"2021-1-13","385.00","400.00","410.50","372.98","27.26M","-4.03%"
"2021-1-12","401.17","385.50","404.40","380.00","16.56M","2.86%"
"2021-1-11","390.00","409.88","409.88","386.00","23.01M","-3.58%"
"2021-1-8","404.50","419.00","424.99","397.40","21.01M","-2.11%"
"2021-1-7","413.23","400.99","415.00","396.88","17.39M","1.59%"
"2021-1-6","406.77","408.00","416.00","391.01","18.67M","1.19%"
"2021-1-5","402.00","395.00","403.80","386.01","22.75M","-0.52%"
"2021-1-4","404.10","358.10","411.11","358.10","22.48M","15.09%"